url,event_type,event_name,day_of_week,start_date,end_date,start_time,end_time,price,location,description,org_name,dance_style,time_stamp,address_id
https://www.google.com/calendar/event?eid=bTZkbThhbjlsaTdtdWRrNzduNWRyY25obWVfMjAyNTAxMTFUMDQwMDAwWiA3OWNmcDNhc2Y3Ym9kOXE0aWNnYzRydHRub0Bn,social dance,Intro lesson,Friday,2025-01-10,2025-01-10,20:00:00,21:00:00,,"Dance Victoria, 2750 Quadra St, Victoria, BC V8T 4E8, Canada","If you are brand new to swing dancing, come join us for a drop-in introductory lesson before our Friday night social dance begins!",Red Hot Swing,"swing, balboa, lindy hop, east coast swing",2025-01-09 10:25:26.830779,1.0
https://www.google.com/calendar/event?eid=YmV0N25yMjZhZHM3czhkNmRsdGF1NnI4MDNfMjAyNTAxMTFUMDUwMDAwWiA3OWNmcDNhc2Y3Ym9kOXE0aWNnYzRydHRub0Bn,social dance,Friday Social Dance at Dance Victoria,Friday,2025-01-10,2025-01-10,21:00:00,23:30:00,,"Dance Victoria, 2750 Quadra St, Victoria, BC V8T 4E8, Canada",Dance time! Details at http://www.redhotswing.com/?page_id=22,Red Hot Swing,"swing, balboa, lindy hop, east coast swing",2025-01-09 10:25:26.830779,1.0
https://www.google.com/calendar/event?eid=MDZ0OHFlc3V2ODk3NnY4NnQ0bHNhNHZmdWJfMjAyNTAxMTAgNzljZnAzYXNmN2JvZDlxNGljZ2M0cnR0bm9AZw,other,Live band night - Flying Saucers,Friday,2025-01-10,2025-01-11,,,,"Dance Victoria, 2750 Quadra St, Victoria, BC V8T 4E8, Canada",We're bringing in live music every Friday! Details at http://www.redhotswing.com/?page_id=22,Red Hot Swing,"swing, balboa, lindy hop, east coast swing",2025-01-09 10:25:26.830779,1.0
https://www.google.com/calendar/event?eid=Nzc1ZjFkbTdyMjB2aG92b2hvbjNhdDcxamdfMjAyNTAxMTNUMDAzMDAwWiA3OWNmcDNhc2Y3Ym9kOXE0aWNnYzRydHRub0Bn,class,Swing 1 ( of 6),Sunday,2025-01-12,2025-01-12,16:30:00,18:00:00,,"Dance Victoria, 2750 Quadra St, Victoria, BC V8T 4E8, Canada","When you are ready to sign up for a series, just head over to our class registration page to let us know you are coming ! If you'd like to find out how our classes work, read course descriptions, or check out our prices, then have a boo at the page all about our classes . :)",Red Hot Swing,"swing, balboa, lindy hop, east coast swing",2025-01-09 10:25:26.830779,1.0
https://www.google.com/calendar/event?eid=NmVkN2thZ2FmcTI0c2llcG5mcnBsNG5sMzFfMjAyNTAxMTNUMDIxNTAwWiA3OWNmcDNhc2Y3Ym9kOXE0aWNnYzRydHRub0Bn,class,Swing 4 Lindy Hop ( of 6),Sunday,2025-01-12,2025-01-12,18:15:00,19:45:00,,"Dance Victoria, 2750 Quadra St, Victoria, BC V8T 4E8, Canada","When you are ready to sign up for a series, just head over to our class registration page to let us know you are coming ! If you'd like to find out how our classes work, read course descriptions, or check out our prices, then have a boo at the page all about our classes . :)",Red Hot Swing,"swing, balboa, lindy hop, east coast swing",2025-01-09 10:25:26.830779,1.0
https://www.google.com/calendar/event?eid=Nm1mcjc4OTgwbTVsZHZqaWRra2t2YWFhdnNfMjAyNTAxMTNUMDQwMDAwWiA3OWNmcDNhc2Y3Ym9kOXE0aWNnYzRydHRub0Bn,class,Swing 2 Charleston ( of 6),Sunday,2025-01-12,2025-01-12,20:00:00,21:30:00,,"Dance Victoria, 2750 Quadra St, Victoria, BC V8T 4E8, Canada","When you are ready to sign up for a series, just head over to our class registration page to let us know you are coming ! If you'd like to find out how our classes work, read course descriptions, or check out our prices, then have a boo at the page all about our classes . :)",Red Hot Swing,"swing, balboa, lindy hop, east coast swing",2025-01-09 10:25:26.830779,1.0
https://www.google.com/calendar/event?eid=NWozcWMzbWUyaDlxb2M1ZWhmZWs1anVzbWkgNzljZnAzYXNmN2JvZDlxNGljZ2M0cnR0bm9AZw,other,New session begins!,Sunday,2025-01-12,2025-01-16,,,,,,Red Hot Swing,"swing, balboa, lindy hop, east coast swing",2025-01-09 10:25:26.830779,
https://www.google.com/calendar/event?eid=MTE2NTVrNHZhMnVyYjlrMDZvZzFlbXE0cjRfMjAyNTAxMTVUMDIxNTAwWiA3OWNmcDNhc2Y3Ym9kOXE0aWNnYzRydHRub0Bn,class,Swing 1 ( of 6),Tuesday,2025-01-14,2025-01-14,18:15:00,19:45:00,,"St. Matthias Anglican Church, 600 Richmond Ave, Victoria, BC V8S 3Y7, Canada","When you are ready to sign up for a series, just head over to our class registration page to let us know you are coming ! If you'd like to find out how our classes work, read course descriptions, or check out our prices, then have a boo at the page all about our classes . :)",Red Hot Swing,"swing, balboa, lindy hop, east coast swing",2025-01-09 10:25:26.830779,2.0
https://www.google.com/calendar/event?eid=N25lc3Y1cnZiY2I0dHA1MWMyYzQ3dGVoZWJfMjAyNTAxMTVUMDQwMDAwWiA3OWNmcDNhc2Y3Ym9kOXE0aWNnYzRydHRub0Bn,class,Swing 4 Balboa ( of 6),Tuesday,2025-01-14,2025-01-14,20:00:00,21:30:00,,"St. Matthias Anglican Church, 600 Richmond Ave, Victoria, BC V8S 3Y7, Canada","When you are ready to sign up for a series, just head over to our class registration page to let us know you are coming ! If you'd like to find out how our classes work, read course descriptions, or check out our prices, then have a boo at the page all about our classes . :)",Red Hot Swing,"swing, balboa, lindy hop, east coast swing",2025-01-09 10:25:26.830779,2.0
https://www.google.com/calendar/event?eid=MTFlMjcwNTg4MmhtMnI4NWtsc2E2anFiY3RfMjAyNTAxMTZUMDIxNTAwWiA3OWNmcDNhc2Y3Ym9kOXE0aWNnYzRydHRub0Bn,class,Swing 1 ( of 6),Wednesday,2025-01-15,2025-01-15,18:15:00,19:45:00,,"City Light Church, 550 Obed Ave, Victoria, BC V9A 1K5, Canada","When you are ready to sign up for a series, just head over to our class registration page to let us know you are coming ! If you'd like to find out how our classes work, read course descriptions, or check out our prices, then have a boo at the page all about our classes . :)",Red Hot Swing,"swing, balboa, lindy hop, east coast swing",2025-01-09 10:25:26.830779,3.0
https://www.google.com/calendar/event?eid=N2NrNm4yOThodTFvNjBkMzQzZnRnNnV2M2NfMjAyNTAxMTZUMDQwMDAwWiA3OWNmcDNhc2Y3Ym9kOXE0aWNnYzRydHRub0Bn,class,Swing 2 Lindy Hop ( of 6),Wednesday,2025-01-15,2025-01-15,20:00:00,21:30:00,,"City Light Church, 550 Obed Ave, Victoria, BC V9A 1K5, Canada","When you are ready to sign up for a series, just head over to our class registration page to let us know you are coming ! If you'd like to find out how our classes work, read course descriptions, or check out our prices, then have a boo at the page all about our classes . :)",Red Hot Swing,"swing, balboa, lindy hop, east coast swing",2025-01-09 10:25:26.830779,3.0
https://www.google.com/calendar/event?eid=bTZkbThhbjlsaTdtdWRrNzduNWRyY25obWVfMjAyNTAxMThUMDQwMDAwWiA3OWNmcDNhc2Y3Ym9kOXE0aWNnYzRydHRub0Bn,social dance,Intro lesson,Friday,2025-01-17,2025-01-17,20:00:00,21:00:00,,"Dance Victoria, 2750 Quadra St, Victoria, BC V8T 4E8, Canada","If you are brand new to swing dancing, come join us for a drop-in introductory lesson before our Friday night social dance begins!",Red Hot Swing,"swing, balboa, lindy hop, east coast swing",2025-01-09 10:25:26.830779,1.0
https://www.google.com/calendar/event?eid=YmV0N25yMjZhZHM3czhkNmRsdGF1NnI4MDNfMjAyNTAxMThUMDUwMDAwWiA3OWNmcDNhc2Y3Ym9kOXE0aWNnYzRydHRub0Bn,social dance,Friday Social Dance at Dance Victoria,Friday,2025-01-17,2025-01-17,21:00:00,23:30:00,,"Dance Victoria, 2750 Quadra St, Victoria, BC V8T 4E8, Canada",Dance time! Details at http://www.redhotswing.com/?page_id=22,Red Hot Swing,"swing, balboa, lindy hop, east coast swing",2025-01-09 10:25:26.830779,1.0
https://www.google.com/calendar/event?eid=c29kZ2F0NDlybTJocjlnMjhzNTdvM3RvdTNfMjAyNTAxMTcgNzljZnAzYXNmN2JvZDlxNGljZ2M0cnR0bm9AZw,other,Live band night - Lloyd Arntzen,Friday,2025-01-17,2025-01-18,,,,"Dance Victoria, 2750 Quadra St, Victoria, BC V8T 4E8, Canada",We're bringing in live music every Friday! Details at http://www.redhotswing.com/?page_id=22,Red Hot Swing,"swing, balboa, lindy hop, east coast swing",2025-01-09 10:25:26.830779,1.0
https://www.google.com/calendar/event?eid=Nzc1ZjFkbTdyMjB2aG92b2hvbjNhdDcxamdfMjAyNTAxMjBUMDAzMDAwWiA3OWNmcDNhc2Y3Ym9kOXE0aWNnYzRydHRub0Bn,class,Swing 1 ( of 6),Sunday,2025-01-19,2025-01-19,16:30:00,18:00:00,,"Dance Victoria, 2750 Quadra St, Victoria, BC V8T 4E8, Canada","When you are ready to sign up for a series, just head over to our class registration page to let us know you are coming ! If you'd like to find out how our classes work, read course descriptions, or check out our prices, then have a boo at the page all about our classes . :)",Red Hot Swing,"swing, balboa, lindy hop, east coast swing",2025-01-09 10:25:26.830779,1.0
https://www.google.com/calendar/event?eid=NmVkN2thZ2FmcTI0c2llcG5mcnBsNG5sMzFfMjAyNTAxMjBUMDIxNTAwWiA3OWNmcDNhc2Y3Ym9kOXE0aWNnYzRydHRub0Bn,class,Swing 4 Lindy Hop ( of 6),Sunday,2025-01-19,2025-01-19,18:15:00,19:45:00,,"Dance Victoria, 2750 Quadra St, Victoria, BC V8T 4E8, Canada","When you are ready to sign up for a series, just head over to our class registration page to let us know you are coming ! If you'd like to find out how our classes work, read course descriptions, or check out our prices, then have a boo at the page all about our classes . :)",Red Hot Swing,"swing, balboa, lindy hop, east coast swing",2025-01-09 10:25:26.830779,1.0
https://www.google.com/calendar/event?eid=Nm1mcjc4OTgwbTVsZHZqaWRra2t2YWFhdnNfMjAyNTAxMjBUMDQwMDAwWiA3OWNmcDNhc2Y3Ym9kOXE0aWNnYzRydHRub0Bn,class,Swing 2 Charleston ( of 6),Sunday,2025-01-19,2025-01-19,20:00:00,21:30:00,,"Dance Victoria, 2750 Quadra St, Victoria, BC V8T 4E8, Canada","When you are ready to sign up for a series, just head over to our class registration page to let us know you are coming ! If you'd like to find out how our classes work, read course descriptions, or check out our prices, then have a boo at the page all about our classes . :)",Red Hot Swing,"swing, balboa, lindy hop, east coast swing",2025-01-09 10:25:26.830779,1.0
https://www.google.com/calendar/event?eid=MTE2NTVrNHZhMnVyYjlrMDZvZzFlbXE0cjRfMjAyNTAxMjJUMDIxNTAwWiA3OWNmcDNhc2Y3Ym9kOXE0aWNnYzRydHRub0Bn,class,Swing 1 ( of 6),Tuesday,2025-01-21,2025-01-21,18:15:00,19:45:00,,"St. Matthias Anglican Church, 600 Richmond Ave, Victoria, BC V8S 3Y7, Canada","When you are ready to sign up for a series, just head over to our class registration page to let us know you are coming ! If you'd like to find out how our classes work, read course descriptions, or check out our prices, then have a boo at the page all about our classes . :)",Red Hot Swing,"swing, balboa, lindy hop, east coast swing",2025-01-09 10:25:26.830779,2.0
https://www.google.com/calendar/event?eid=N25lc3Y1cnZiY2I0dHA1MWMyYzQ3dGVoZWJfMjAyNTAxMjJUMDQwMDAwWiA3OWNmcDNhc2Y3Ym9kOXE0aWNnYzRydHRub0Bn,class,Swing 4 Balboa ( of 6),Tuesday,2025-01-21,2025-01-21,20:00:00,21:30:00,,"St. Matthias Anglican Church, 600 Richmond Ave, Victoria, BC V8S 3Y7, Canada","When you are ready to sign up for a series, just head over to our class registration page to let us know you are coming ! If you'd like to find out how our classes work, read course descriptions, or check out our prices, then have a boo at the page all about our classes . :)",Red Hot Swing,"swing, balboa, lindy hop, east coast swing",2025-01-09 10:25:26.830779,2.0
https://www.google.com/calendar/event?eid=MTFlMjcwNTg4MmhtMnI4NWtsc2E2anFiY3RfMjAyNTAxMjNUMDIxNTAwWiA3OWNmcDNhc2Y3Ym9kOXE0aWNnYzRydHRub0Bn,class,Swing 1 ( of 6),Wednesday,2025-01-22,2025-01-22,18:15:00,19:45:00,,"City Light Church, 550 Obed Ave, Victoria, BC V9A 1K5, Canada","When you are ready to sign up for a series, just head over to our class registration page to let us know you are coming ! If you'd like to find out how our classes work, read course descriptions, or check out our prices, then have a boo at the page all about our classes . :)",Red Hot Swing,"swing, balboa, lindy hop, east coast swing",2025-01-09 10:25:26.830779,3.0
https://www.google.com/calendar/event?eid=N2NrNm4yOThodTFvNjBkMzQzZnRnNnV2M2NfMjAyNTAxMjNUMDQwMDAwWiA3OWNmcDNhc2Y3Ym9kOXE0aWNnYzRydHRub0Bn,class,Swing 2 Lindy Hop ( of 6),Wednesday,2025-01-22,2025-01-22,20:00:00,21:30:00,,"City Light Church, 550 Obed Ave, Victoria, BC V9A 1K5, Canada","When you are ready to sign up for a series, just head over to our class registration page to let us know you are coming ! If you'd like to find out how our classes work, read course descriptions, or check out our prices, then have a boo at the page all about our classes . :)",Red Hot Swing,"swing, balboa, lindy hop, east coast swing",2025-01-09 10:25:26.830779,3.0
https://www.google.com/calendar/event?eid=bTZkbThhbjlsaTdtdWRrNzduNWRyY25obWVfMjAyNTAxMjVUMDQwMDAwWiA3OWNmcDNhc2Y3Ym9kOXE0aWNnYzRydHRub0Bn,social dance,Intro lesson,Friday,2025-01-24,2025-01-24,20:00:00,21:00:00,,"Dance Victoria, 2750 Quadra St, Victoria, BC V8T 4E8, Canada","If you are brand new to swing dancing, come join us for a drop-in introductory lesson before our Friday night social dance begins!",Red Hot Swing,"swing, balboa, lindy hop, east coast swing",2025-01-09 10:25:26.830779,1.0
https://www.google.com/calendar/event?eid=YmV0N25yMjZhZHM3czhkNmRsdGF1NnI4MDNfMjAyNTAxMjVUMDUwMDAwWiA3OWNmcDNhc2Y3Ym9kOXE0aWNnYzRydHRub0Bn,social dance,Friday Social Dance at Dance Victoria,Friday,2025-01-24,2025-01-24,21:00:00,23:30:00,,"Dance Victoria, 2750 Quadra St, Victoria, BC V8T 4E8, Canada",Dance time! Details at http://www.redhotswing.com/?page_id=22,Red Hot Swing,"swing, balboa, lindy hop, east coast swing",2025-01-09 10:25:26.830779,1.0
https://www.google.com/calendar/event?eid=aGllZ2FmaDQ5aHBwamRtb3Y3N3Y0OTVzcDBfMjAyNTAxMjQgNzljZnAzYXNmN2JvZDlxNGljZ2M0cnR0bm9AZw,other,Live band night - Hoppin' Mad,Friday,2025-01-24,2025-01-25,,,,"Dance Victoria, 2750 Quadra St, Victoria, BC V8T 4E8, Canada",We're bringing in live music every Friday! Details at http://www.redhotswing.com/?page_id=22,Red Hot Swing,"swing, balboa, lindy hop, east coast swing",2025-01-09 10:25:26.830779,1.0
https://www.google.com/calendar/event?eid=Nzc1ZjFkbTdyMjB2aG92b2hvbjNhdDcxamdfMjAyNTAxMjdUMDAzMDAwWiA3OWNmcDNhc2Y3Ym9kOXE0aWNnYzRydHRub0Bn,class,Swing 1 ( of 6),Sunday,2025-01-26,2025-01-26,16:30:00,18:00:00,,"Dance Victoria, 2750 Quadra St, Victoria, BC V8T 4E8, Canada","When you are ready to sign up for a series, just head over to our class registration page to let us know you are coming ! If you'd like to find out how our classes work, read course descriptions, or check out our prices, then have a boo at the page all about our classes . :)",Red Hot Swing,"swing, balboa, lindy hop, east coast swing",2025-01-09 10:25:26.830779,1.0
https://www.google.com/calendar/event?eid=NmVkN2thZ2FmcTI0c2llcG5mcnBsNG5sMzFfMjAyNTAxMjdUMDIxNTAwWiA3OWNmcDNhc2Y3Ym9kOXE0aWNnYzRydHRub0Bn,class,Swing 4 Lindy Hop ( of 6),Sunday,2025-01-26,2025-01-26,18:15:00,19:45:00,,"Dance Victoria, 2750 Quadra St, Victoria, BC V8T 4E8, Canada","When you are ready to sign up for a series, just head over to our class registration page to let us know you are coming ! If you'd like to find out how our classes work, read course descriptions, or check out our prices, then have a boo at the page all about our classes . :)",Red Hot Swing,"swing, balboa, lindy hop, east coast swing",2025-01-09 10:25:26.830779,1.0
https://www.google.com/calendar/event?eid=Nm1mcjc4OTgwbTVsZHZqaWRra2t2YWFhdnNfMjAyNTAxMjdUMDQwMDAwWiA3OWNmcDNhc2Y3Ym9kOXE0aWNnYzRydHRub0Bn,class,Swing 2 Charleston ( of 6),Sunday,2025-01-26,2025-01-26,20:00:00,21:30:00,,"Dance Victoria, 2750 Quadra St, Victoria, BC V8T 4E8, Canada","When you are ready to sign up for a series, just head over to our class registration page to let us know you are coming ! If you'd like to find out how our classes work, read course descriptions, or check out our prices, then have a boo at the page all about our classes . :)",Red Hot Swing,"swing, balboa, lindy hop, east coast swing",2025-01-09 10:25:26.830779,1.0
https://www.google.com/calendar/event?eid=MTE2NTVrNHZhMnVyYjlrMDZvZzFlbXE0cjRfMjAyNTAxMjlUMDIxNTAwWiA3OWNmcDNhc2Y3Ym9kOXE0aWNnYzRydHRub0Bn,class,Swing 1 ( of 6),Tuesday,2025-01-28,2025-01-28,18:15:00,19:45:00,,"St. Matthias Anglican Church, 600 Richmond Ave, Victoria, BC V8S 3Y7, Canada","When you are ready to sign up for a series, just head over to our class registration page to let us know you are coming ! If you'd like to find out how our classes work, read course descriptions, or check out our prices, then have a boo at the page all about our classes . :)",Red Hot Swing,"swing, balboa, lindy hop, east coast swing",2025-01-09 10:25:26.830779,2.0
https://www.google.com/calendar/event?eid=N25lc3Y1cnZiY2I0dHA1MWMyYzQ3dGVoZWJfMjAyNTAxMjlUMDQwMDAwWiA3OWNmcDNhc2Y3Ym9kOXE0aWNnYzRydHRub0Bn,class,Swing 4 Balboa ( of 6),Tuesday,2025-01-28,2025-01-28,20:00:00,21:30:00,,"St. Matthias Anglican Church, 600 Richmond Ave, Victoria, BC V8S 3Y7, Canada","When you are ready to sign up for a series, just head over to our class registration page to let us know you are coming ! If you'd like to find out how our classes work, read course descriptions, or check out our prices, then have a boo at the page all about our classes . :)",Red Hot Swing,"swing, balboa, lindy hop, east coast swing",2025-01-09 10:25:26.830779,2.0
https://www.google.com/calendar/event?eid=MTFlMjcwNTg4MmhtMnI4NWtsc2E2anFiY3RfMjAyNTAxMzBUMDIxNTAwWiA3OWNmcDNhc2Y3Ym9kOXE0aWNnYzRydHRub0Bn,class,Swing 1 ( of 6),Wednesday,2025-01-29,2025-01-29,18:15:00,19:45:00,,"City Light Church, 550 Obed Ave, Victoria, BC V9A 1K5, Canada","When you are ready to sign up for a series, just head over to our class registration page to let us know you are coming ! If you'd like to find out how our classes work, read course descriptions, or check out our prices, then have a boo at the page all about our classes . :)",Red Hot Swing,"swing, balboa, lindy hop, east coast swing",2025-01-09 10:25:26.830779,3.0
https://www.google.com/calendar/event?eid=N2NrNm4yOThodTFvNjBkMzQzZnRnNnV2M2NfMjAyNTAxMzBUMDQwMDAwWiA3OWNmcDNhc2Y3Ym9kOXE0aWNnYzRydHRub0Bn,class,Swing 2 Lindy Hop ( of 6),Wednesday,2025-01-29,2025-01-29,20:00:00,21:30:00,,"City Light Church, 550 Obed Ave, Victoria, BC V9A 1K5, Canada","When you are ready to sign up for a series, just head over to our class registration page to let us know you are coming ! If you'd like to find out how our classes work, read course descriptions, or check out our prices, then have a boo at the page all about our classes . :)",Red Hot Swing,"swing, balboa, lindy hop, east coast swing",2025-01-09 10:25:26.830779,3.0
https://www.google.com/calendar/event?eid=bTZkbThhbjlsaTdtdWRrNzduNWRyY25obWVfMjAyNTAyMDFUMDQwMDAwWiA3OWNmcDNhc2Y3Ym9kOXE0aWNnYzRydHRub0Bn,social dance,Intro lesson,Friday,2025-01-31,2025-01-31,20:00:00,21:00:00,,"Dance Victoria, 2750 Quadra St, Victoria, BC V8T 4E8, Canada","If you are brand new to swing dancing, come join us for a drop-in introductory lesson before our Friday night social dance begins!",Red Hot Swing,"swing, balboa, lindy hop, east coast swing",2025-01-09 10:25:26.830779,1.0
https://www.google.com/calendar/event?eid=YmV0N25yMjZhZHM3czhkNmRsdGF1NnI4MDNfMjAyNTAyMDFUMDUwMDAwWiA3OWNmcDNhc2Y3Ym9kOXE0aWNnYzRydHRub0Bn,social dance,Friday Social Dance at Dance Victoria,Friday,2025-01-31,2025-01-31,21:00:00,23:30:00,,"Dance Victoria, 2750 Quadra St, Victoria, BC V8T 4E8, Canada",Dance time! Details at http://www.redhotswing.com/?page_id=22,Red Hot Swing,"swing, balboa, lindy hop, east coast swing",2025-01-09 10:25:26.830779,1.0
https://www.google.com/calendar/event?eid=Nzc1ZjFkbTdyMjB2aG92b2hvbjNhdDcxamdfMjAyNTAyMDNUMDAzMDAwWiA3OWNmcDNhc2Y3Ym9kOXE0aWNnYzRydHRub0Bn,class,Swing 1 ( of 6),Sunday,2025-02-02,2025-02-02,16:30:00,18:00:00,,"Dance Victoria, 2750 Quadra St, Victoria, BC V8T 4E8, Canada","When you are ready to sign up for a series, just head over to our class registration page to let us know you are coming ! If you'd like to find out how our classes work, read course descriptions, or check out our prices, then have a boo at the page all about our classes . :)",Red Hot Swing,"swing, balboa, lindy hop, east coast swing",2025-01-09 10:25:26.830779,1.0
https://www.google.com/calendar/event?eid=NmVkN2thZ2FmcTI0c2llcG5mcnBsNG5sMzFfMjAyNTAyMDNUMDIxNTAwWiA3OWNmcDNhc2Y3Ym9kOXE0aWNnYzRydHRub0Bn,class,Swing 4 Lindy Hop ( of 6),Sunday,2025-02-02,2025-02-02,18:15:00,19:45:00,,"Dance Victoria, 2750 Quadra St, Victoria, BC V8T 4E8, Canada","When you are ready to sign up for a series, just head over to our class registration page to let us know you are coming ! If you'd like to find out how our classes work, read course descriptions, or check out our prices, then have a boo at the page all about our classes . :)",Red Hot Swing,"swing, balboa, lindy hop, east coast swing",2025-01-09 10:25:26.830779,1.0
https://www.google.com/calendar/event?eid=Nm1mcjc4OTgwbTVsZHZqaWRra2t2YWFhdnNfMjAyNTAyMDNUMDQwMDAwWiA3OWNmcDNhc2Y3Ym9kOXE0aWNnYzRydHRub0Bn,class,Swing 2 Charleston ( of 6),Sunday,2025-02-02,2025-02-02,20:00:00,21:30:00,,"Dance Victoria, 2750 Quadra St, Victoria, BC V8T 4E8, Canada","When you are ready to sign up for a series, just head over to our class registration page to let us know you are coming ! If you'd like to find out how our classes work, read course descriptions, or check out our prices, then have a boo at the page all about our classes . :)",Red Hot Swing,"swing, balboa, lindy hop, east coast swing",2025-01-09 10:25:26.830779,1.0
https://www.google.com/calendar/event?eid=MTE2NTVrNHZhMnVyYjlrMDZvZzFlbXE0cjRfMjAyNTAyMDVUMDIxNTAwWiA3OWNmcDNhc2Y3Ym9kOXE0aWNnYzRydHRub0Bn,class,Swing 1 ( of 6),Tuesday,2025-02-04,2025-02-04,18:15:00,19:45:00,,"St. Matthias Anglican Church, 600 Richmond Ave, Victoria, BC V8S 3Y7, Canada","When you are ready to sign up for a series, just head over to our class registration page to let us know you are coming ! If you'd like to find out how our classes work, read course descriptions, or check out our prices, then have a boo at the page all about our classes . :)",Red Hot Swing,"swing, balboa, lindy hop, east coast swing",2025-01-09 10:25:26.830779,2.0
https://www.google.com/calendar/event?eid=N25lc3Y1cnZiY2I0dHA1MWMyYzQ3dGVoZWJfMjAyNTAyMDVUMDQwMDAwWiA3OWNmcDNhc2Y3Ym9kOXE0aWNnYzRydHRub0Bn,class,Swing 4 Balboa ( of 6),Tuesday,2025-02-04,2025-02-04,20:00:00,21:30:00,,"St. Matthias Anglican Church, 600 Richmond Ave, Victoria, BC V8S 3Y7, Canada","When you are ready to sign up for a series, just head over to our class registration page to let us know you are coming ! If you'd like to find out how our classes work, read course descriptions, or check out our prices, then have a boo at the page all about our classes . :)",Red Hot Swing,"swing, balboa, lindy hop, east coast swing",2025-01-09 10:25:26.830779,2.0
https://www.google.com/calendar/event?eid=MTFlMjcwNTg4MmhtMnI4NWtsc2E2anFiY3RfMjAyNTAyMDZUMDIxNTAwWiA3OWNmcDNhc2Y3Ym9kOXE0aWNnYzRydHRub0Bn,class,Swing 1 ( of 6),Wednesday,2025-02-05,2025-02-05,18:15:00,19:45:00,,"City Light Church, 550 Obed Ave, Victoria, BC V9A 1K5, Canada","When you are ready to sign up for a series, just head over to our class registration page to let us know you are coming ! If you'd like to find out how our classes work, read course descriptions, or check out our prices, then have a boo at the page all about our classes . :)",Red Hot Swing,"swing, balboa, lindy hop, east coast swing",2025-01-09 10:25:26.830779,3.0
https://www.google.com/calendar/event?eid=N2NrNm4yOThodTFvNjBkMzQzZnRnNnV2M2NfMjAyNTAyMDZUMDQwMDAwWiA3OWNmcDNhc2Y3Ym9kOXE0aWNnYzRydHRub0Bn,class,Swing 2 Lindy Hop ( of 6),Wednesday,2025-02-05,2025-02-05,20:00:00,21:30:00,,"City Light Church, 550 Obed Ave, Victoria, BC V9A 1K5, Canada","When you are ready to sign up for a series, just head over to our class registration page to let us know you are coming ! If you'd like to find out how our classes work, read course descriptions, or check out our prices, then have a boo at the page all about our classes . :)",Red Hot Swing,"swing, balboa, lindy hop, east coast swing",2025-01-09 10:25:26.830779,3.0
https://www.google.com/calendar/event?eid=bTZkbThhbjlsaTdtdWRrNzduNWRyY25obWVfMjAyNTAyMDhUMDQwMDAwWiA3OWNmcDNhc2Y3Ym9kOXE0aWNnYzRydHRub0Bn,social dance,Intro lesson,Friday,2025-02-07,2025-02-07,20:00:00,21:00:00,,"Dance Victoria, 2750 Quadra St, Victoria, BC V8T 4E8, Canada","If you are brand new to swing dancing, come join us for a drop-in introductory lesson before our Friday night social dance begins!",Red Hot Swing,"swing, balboa, lindy hop, east coast swing",2025-01-09 10:25:26.830779,1.0
https://www.google.com/calendar/event?eid=YmV0N25yMjZhZHM3czhkNmRsdGF1NnI4MDNfMjAyNTAyMDhUMDUwMDAwWiA3OWNmcDNhc2Y3Ym9kOXE0aWNnYzRydHRub0Bn,social dance,Friday Social Dance at Dance Victoria,Friday,2025-02-07,2025-02-07,21:00:00,23:30:00,,"Dance Victoria, 2750 Quadra St, Victoria, BC V8T 4E8, Canada",Dance time! Details at http://www.redhotswing.com/?page_id=22,Red Hot Swing,"swing, balboa, lindy hop, east coast swing",2025-01-09 10:25:26.830779,1.0
https://www.google.com/calendar/event?eid=Z21hMDFuMDY4cDh2dnB0ZW45b3UzcTJhYm5fMjAyNTAyMDcgNzljZnAzYXNmN2JvZDlxNGljZ2M0cnR0bm9AZw,other,Live band night - Doug Rhodes,Friday,2025-02-07,2025-02-08,,,,"Dance Victoria, 2750 Quadra St, Victoria, BC V8T 4E8, Canada",We're bringing in live music every Friday! Details at http://www.redhotswing.com/?page_id=22,Red Hot Swing,"swing, balboa, lindy hop, east coast swing",2025-01-09 10:25:26.830779,1.0
https://www.google.com/calendar/event?eid=Nzc1ZjFkbTdyMjB2aG92b2hvbjNhdDcxamdfMjAyNTAyMTBUMDAzMDAwWiA3OWNmcDNhc2Y3Ym9kOXE0aWNnYzRydHRub0Bn,class,Swing 1 ( of 6),Sunday,2025-02-09,2025-02-09,16:30:00,18:00:00,,"Dance Victoria, 2750 Quadra St, Victoria, BC V8T 4E8, Canada","When you are ready to sign up for a series, just head over to our class registration page to let us know you are coming ! If you'd like to find out how our classes work, read course descriptions, or check out our prices, then have a boo at the page all about our classes . :)",Red Hot Swing,"swing, balboa, lindy hop, east coast swing",2025-01-09 10:25:26.830779,1.0
https://www.google.com/calendar/event?eid=NmVkN2thZ2FmcTI0c2llcG5mcnBsNG5sMzFfMjAyNTAyMTBUMDIxNTAwWiA3OWNmcDNhc2Y3Ym9kOXE0aWNnYzRydHRub0Bn,class,Swing 4 Lindy Hop ( of 6),Sunday,2025-02-09,2025-02-09,18:15:00,19:45:00,,"Dance Victoria, 2750 Quadra St, Victoria, BC V8T 4E8, Canada","When you are ready to sign up for a series, just head over to our class registration page to let us know you are coming ! If you'd like to find out how our classes work, read course descriptions, or check out our prices, then have a boo at the page all about our classes . :)",Red Hot Swing,"swing, balboa, lindy hop, east coast swing",2025-01-09 10:25:26.830779,1.0
https://www.google.com/calendar/event?eid=Nm1mcjc4OTgwbTVsZHZqaWRra2t2YWFhdnNfMjAyNTAyMTBUMDQwMDAwWiA3OWNmcDNhc2Y3Ym9kOXE0aWNnYzRydHRub0Bn,class,Swing 2 Charleston ( of 6),Sunday,2025-02-09,2025-02-09,20:00:00,21:30:00,,"Dance Victoria, 2750 Quadra St, Victoria, BC V8T 4E8, Canada","When you are ready to sign up for a series, just head over to our class registration page to let us know you are coming ! If you'd like to find out how our classes work, read course descriptions, or check out our prices, then have a boo at the page all about our classes . :)",Red Hot Swing,"swing, balboa, lindy hop, east coast swing",2025-01-09 10:25:26.830779,1.0
https://www.google.com/calendar/event?eid=MTE2NTVrNHZhMnVyYjlrMDZvZzFlbXE0cjRfMjAyNTAyMTJUMDIxNTAwWiA3OWNmcDNhc2Y3Ym9kOXE0aWNnYzRydHRub0Bn,class,Swing 1 ( of 6),Tuesday,2025-02-11,2025-02-11,18:15:00,19:45:00,,"St. Matthias Anglican Church, 600 Richmond Ave, Victoria, BC V8S 3Y7, Canada","When you are ready to sign up for a series, just head over to our class registration page to let us know you are coming ! If you'd like to find out how our classes work, read course descriptions, or check out our prices, then have a boo at the page all about our classes . :)",Red Hot Swing,"swing, balboa, lindy hop, east coast swing",2025-01-09 10:25:26.830779,2.0
https://www.google.com/calendar/event?eid=N25lc3Y1cnZiY2I0dHA1MWMyYzQ3dGVoZWJfMjAyNTAyMTJUMDQwMDAwWiA3OWNmcDNhc2Y3Ym9kOXE0aWNnYzRydHRub0Bn,class,Swing 4 Balboa ( of 6),Tuesday,2025-02-11,2025-02-11,20:00:00,21:30:00,,"St. Matthias Anglican Church, 600 Richmond Ave, Victoria, BC V8S 3Y7, Canada","When you are ready to sign up for a series, just head over to our class registration page to let us know you are coming ! If you'd like to find out how our classes work, read course descriptions, or check out our prices, then have a boo at the page all about our classes . :)",Red Hot Swing,"swing, balboa, lindy hop, east coast swing",2025-01-09 10:25:26.830779,2.0
https://www.google.com/calendar/event?eid=MTFlMjcwNTg4MmhtMnI4NWtsc2E2anFiY3RfMjAyNTAyMTNUMDIxNTAwWiA3OWNmcDNhc2Y3Ym9kOXE0aWNnYzRydHRub0Bn,class,Swing 1 ( of 6),Wednesday,2025-02-12,2025-02-12,18:15:00,19:45:00,,"City Light Church, 550 Obed Ave, Victoria, BC V9A 1K5, Canada","When you are ready to sign up for a series, just head over to our class registration page to let us know you are coming ! If you'd like to find out how our classes work, read course descriptions, or check out our prices, then have a boo at the page all about our classes . :)",Red Hot Swing,"swing, balboa, lindy hop, east coast swing",2025-01-09 10:25:26.830779,3.0
https://www.google.com/calendar/event?eid=N2NrNm4yOThodTFvNjBkMzQzZnRnNnV2M2NfMjAyNTAyMTNUMDQwMDAwWiA3OWNmcDNhc2Y3Ym9kOXE0aWNnYzRydHRub0Bn,class,Swing 2 Lindy Hop ( of 6),Wednesday,2025-02-12,2025-02-12,20:00:00,21:30:00,,"City Light Church, 550 Obed Ave, Victoria, BC V9A 1K5, Canada","When you are ready to sign up for a series, just head over to our class registration page to let us know you are coming ! If you'd like to find out how our classes work, read course descriptions, or check out our prices, then have a boo at the page all about our classes . :)",Red Hot Swing,"swing, balboa, lindy hop, east coast swing",2025-01-09 10:25:26.830779,3.0
https://www.google.com/calendar/event?eid=bTZkbThhbjlsaTdtdWRrNzduNWRyY25obWVfMjAyNTAyMTVUMDQwMDAwWiA3OWNmcDNhc2Y3Ym9kOXE0aWNnYzRydHRub0Bn,social dance,Intro lesson,Friday,2025-02-14,2025-02-14,20:00:00,21:00:00,,"Dance Victoria, 2750 Quadra St, Victoria, BC V8T 4E8, Canada","If you are brand new to swing dancing, come join us for a drop-in introductory lesson before our Friday night social dance begins!",Red Hot Swing,"swing, balboa, lindy hop, east coast swing",2025-01-09 10:25:26.830779,1.0
https://www.google.com/calendar/event?eid=YmV0N25yMjZhZHM3czhkNmRsdGF1NnI4MDNfMjAyNTAyMTVUMDUwMDAwWiA3OWNmcDNhc2Y3Ym9kOXE0aWNnYzRydHRub0Bn,social dance,Friday Social Dance at Dance Victoria,Friday,2025-02-14,2025-02-14,21:00:00,23:30:00,,"Dance Victoria, 2750 Quadra St, Victoria, BC V8T 4E8, Canada",Dance time! Details at http://www.redhotswing.com/?page_id=22,Red Hot Swing,"swing, balboa, lindy hop, east coast swing",2025-01-09 10:25:26.830779,1.0
https://www.google.com/calendar/event?eid=MDZ0OHFlc3V2ODk3NnY4NnQ0bHNhNHZmdWJfMjAyNTAyMTQgNzljZnAzYXNmN2JvZDlxNGljZ2M0cnR0bm9AZw,other,Live band night - Flying Saucers,Friday,2025-02-14,2025-02-15,,,,"Dance Victoria, 2750 Quadra St, Victoria, BC V8T 4E8, Canada",We're bringing in live music every Friday! Details at http://www.redhotswing.com/?page_id=22,Red Hot Swing,"swing, balboa, lindy hop, east coast swing",2025-01-09 10:25:26.830779,1.0
https://www.google.com/calendar/event?eid=Nzc1ZjFkbTdyMjB2aG92b2hvbjNhdDcxamdfMjAyNTAyMTdUMDAzMDAwWiA3OWNmcDNhc2Y3Ym9kOXE0aWNnYzRydHRub0Bn,class,Swing 1 ( of 6),Sunday,2025-02-16,2025-02-16,16:30:00,18:00:00,,"Dance Victoria, 2750 Quadra St, Victoria, BC V8T 4E8, Canada","When you are ready to sign up for a series, just head over to our class registration page to let us know you are coming ! If you'd like to find out how our classes work, read course descriptions, or check out our prices, then have a boo at the page all about our classes . :)",Red Hot Swing,"swing, balboa, lindy hop, east coast swing",2025-01-09 10:25:26.830779,1.0
https://www.google.com/calendar/event?eid=NmVkN2thZ2FmcTI0c2llcG5mcnBsNG5sMzFfMjAyNTAyMTdUMDIxNTAwWiA3OWNmcDNhc2Y3Ym9kOXE0aWNnYzRydHRub0Bn,class,Swing 4 Lindy Hop ( of 6),Sunday,2025-02-16,2025-02-16,18:15:00,19:45:00,,"Dance Victoria, 2750 Quadra St, Victoria, BC V8T 4E8, Canada","When you are ready to sign up for a series, just head over to our class registration page to let us know you are coming ! If you'd like to find out how our classes work, read course descriptions, or check out our prices, then have a boo at the page all about our classes . :)",Red Hot Swing,"swing, balboa, lindy hop, east coast swing",2025-01-09 10:25:26.830779,1.0
https://www.google.com/calendar/event?eid=Nm1mcjc4OTgwbTVsZHZqaWRra2t2YWFhdnNfMjAyNTAyMTdUMDQwMDAwWiA3OWNmcDNhc2Y3Ym9kOXE0aWNnYzRydHRub0Bn,class,Swing 2 Charleston ( of 6),Sunday,2025-02-16,2025-02-16,20:00:00,21:30:00,,"Dance Victoria, 2750 Quadra St, Victoria, BC V8T 4E8, Canada","When you are ready to sign up for a series, just head over to our class registration page to let us know you are coming ! If you'd like to find out how our classes work, read course descriptions, or check out our prices, then have a boo at the page all about our classes . :)",Red Hot Swing,"swing, balboa, lindy hop, east coast swing",2025-01-09 10:25:26.830779,1.0
https://www.google.com/calendar/event?eid=MTE2NTVrNHZhMnVyYjlrMDZvZzFlbXE0cjRfMjAyNTAyMTlUMDIxNTAwWiA3OWNmcDNhc2Y3Ym9kOXE0aWNnYzRydHRub0Bn,class,Swing 1 ( of 6),Tuesday,2025-02-18,2025-02-18,18:15:00,19:45:00,,"St. Matthias Anglican Church, 600 Richmond Ave, Victoria, BC V8S 3Y7, Canada","When you are ready to sign up for a series, just head over to our class registration page to let us know you are coming ! If you'd like to find out how our classes work, read course descriptions, or check out our prices, then have a boo at the page all about our classes . :)",Red Hot Swing,"swing, balboa, lindy hop, east coast swing",2025-01-09 10:25:26.830779,2.0
https://www.google.com/calendar/event?eid=N25lc3Y1cnZiY2I0dHA1MWMyYzQ3dGVoZWJfMjAyNTAyMTlUMDQwMDAwWiA3OWNmcDNhc2Y3Ym9kOXE0aWNnYzRydHRub0Bn,class,Swing 4 Balboa ( of 6),Tuesday,2025-02-18,2025-02-18,20:00:00,21:30:00,,"St. Matthias Anglican Church, 600 Richmond Ave, Victoria, BC V8S 3Y7, Canada","When you are ready to sign up for a series, just head over to our class registration page to let us know you are coming ! If you'd like to find out how our classes work, read course descriptions, or check out our prices, then have a boo at the page all about our classes . :)",Red Hot Swing,"swing, balboa, lindy hop, east coast swing",2025-01-09 10:25:26.830779,2.0
https://www.google.com/calendar/event?eid=MTFlMjcwNTg4MmhtMnI4NWtsc2E2anFiY3RfMjAyNTAyMjBUMDIxNTAwWiA3OWNmcDNhc2Y3Ym9kOXE0aWNnYzRydHRub0Bn,class,Swing 1 ( of 6),Wednesday,2025-02-19,2025-02-19,18:15:00,19:45:00,,"City Light Church, 550 Obed Ave, Victoria, BC V9A 1K5, Canada","When you are ready to sign up for a series, just head over to our class registration page to let us know you are coming ! If you'd like to find out how our classes work, read course descriptions, or check out our prices, then have a boo at the page all about our classes . :)",Red Hot Swing,"swing, balboa, lindy hop, east coast swing",2025-01-09 10:25:26.830779,3.0
https://www.google.com/calendar/event?eid=N2NrNm4yOThodTFvNjBkMzQzZnRnNnV2M2NfMjAyNTAyMjBUMDQwMDAwWiA3OWNmcDNhc2Y3Ym9kOXE0aWNnYzRydHRub0Bn,class,Swing 2 Lindy Hop ( of 6),Wednesday,2025-02-19,2025-02-19,20:00:00,21:30:00,,"City Light Church, 550 Obed Ave, Victoria, BC V9A 1K5, Canada","When you are ready to sign up for a series, just head over to our class registration page to let us know you are coming ! If you'd like to find out how our classes work, read course descriptions, or check out our prices, then have a boo at the page all about our classes . :)",Red Hot Swing,"swing, balboa, lindy hop, east coast swing",2025-01-09 10:25:26.830779,3.0
https://www.google.com/calendar/event?eid=bTZkbThhbjlsaTdtdWRrNzduNWRyY25obWVfMjAyNTAyMjJUMDQwMDAwWiA3OWNmcDNhc2Y3Ym9kOXE0aWNnYzRydHRub0Bn,social dance,Intro lesson,Friday,2025-02-21,2025-02-21,20:00:00,21:00:00,,"Dance Victoria, 2750 Quadra St, Victoria, BC V8T 4E8, Canada","If you are brand new to swing dancing, come join us for a drop-in introductory lesson before our Friday night social dance begins!",Red Hot Swing,"swing, balboa, lindy hop, east coast swing",2025-01-09 10:25:26.830779,1.0
https://www.google.com/calendar/event?eid=YmV0N25yMjZhZHM3czhkNmRsdGF1NnI4MDNfMjAyNTAyMjJUMDUwMDAwWiA3OWNmcDNhc2Y3Ym9kOXE0aWNnYzRydHRub0Bn,social dance,Friday Social Dance at Dance Victoria,Friday,2025-02-21,2025-02-21,21:00:00,23:30:00,,"Dance Victoria, 2750 Quadra St, Victoria, BC V8T 4E8, Canada",Dance time! Details at http://www.redhotswing.com/?page_id=22,Red Hot Swing,"swing, balboa, lindy hop, east coast swing",2025-01-09 10:25:26.830779,1.0
https://www.google.com/calendar/event?eid=c29kZ2F0NDlybTJocjlnMjhzNTdvM3RvdTNfMjAyNTAyMjEgNzljZnAzYXNmN2JvZDlxNGljZ2M0cnR0bm9AZw,other,Live band night - Lloyd Arntzen,Friday,2025-02-21,2025-02-22,,,,"Dance Victoria, 2750 Quadra St, Victoria, BC V8T 4E8, Canada",We're bringing in live music every Friday! Details at http://www.redhotswing.com/?page_id=22,Red Hot Swing,"swing, balboa, lindy hop, east coast swing",2025-01-09 10:25:26.830779,1.0
https://www.google.com/calendar/event?eid=bTZkbThhbjlsaTdtdWRrNzduNWRyY25obWVfMjAyNTAzMDFUMDQwMDAwWiA3OWNmcDNhc2Y3Ym9kOXE0aWNnYzRydHRub0Bn,social dance,Intro lesson,Friday,2025-02-28,2025-02-28,20:00:00,21:00:00,,"Dance Victoria, 2750 Quadra St, Victoria, BC V8T 4E8, Canada","If you are brand new to swing dancing, come join us for a drop-in introductory lesson before our Friday night social dance begins!",Red Hot Swing,"swing, balboa, lindy hop, east coast swing",2025-01-09 10:25:26.830779,1.0
https://www.google.com/calendar/event?eid=YmV0N25yMjZhZHM3czhkNmRsdGF1NnI4MDNfMjAyNTAzMDFUMDUwMDAwWiA3OWNmcDNhc2Y3Ym9kOXE0aWNnYzRydHRub0Bn,social dance,Friday Social Dance at Dance Victoria,Friday,2025-02-28,2025-02-28,21:00:00,23:30:00,,"Dance Victoria, 2750 Quadra St, Victoria, BC V8T 4E8, Canada",Dance time! Details at http://www.redhotswing.com/?page_id=22,Red Hot Swing,"swing, balboa, lindy hop, east coast swing",2025-01-09 10:25:26.830779,1.0
https://www.google.com/calendar/event?eid=aGllZ2FmaDQ5aHBwamRtb3Y3N3Y0OTVzcDBfMjAyNTAyMjggNzljZnAzYXNmN2JvZDlxNGljZ2M0cnR0bm9AZw,other,Live band night - Hoppin' Mad,Friday,2025-02-28,2025-03-01,,,,"Dance Victoria, 2750 Quadra St, Victoria, BC V8T 4E8, Canada",We're bringing in live music every Friday! Details at http://www.redhotswing.com/?page_id=22,Red Hot Swing,"swing, balboa, lindy hop, east coast swing",2025-01-09 10:25:26.830779,1.0
https://www.google.com/calendar/event?eid=bTZkbThhbjlsaTdtdWRrNzduNWRyY25obWVfMjAyNTAzMDhUMDQwMDAwWiA3OWNmcDNhc2Y3Ym9kOXE0aWNnYzRydHRub0Bn,social dance,Intro lesson,Friday,2025-03-07,2025-03-07,20:00:00,21:00:00,,"Dance Victoria, 2750 Quadra St, Victoria, BC V8T 4E8, Canada","If you are brand new to swing dancing, come join us for a drop-in introductory lesson before our Friday night social dance begins!",Red Hot Swing,"swing, balboa, lindy hop, east coast swing",2025-01-09 10:25:26.830779,1.0
https://www.google.com/calendar/event?eid=YmV0N25yMjZhZHM3czhkNmRsdGF1NnI4MDNfMjAyNTAzMDhUMDUwMDAwWiA3OWNmcDNhc2Y3Ym9kOXE0aWNnYzRydHRub0Bn,social dance,Friday Social Dance at Dance Victoria,Friday,2025-03-07,2025-03-07,21:00:00,23:30:00,,"Dance Victoria, 2750 Quadra St, Victoria, BC V8T 4E8, Canada",Dance time! Details at http://www.redhotswing.com/?page_id=22,Red Hot Swing,"swing, balboa, lindy hop, east coast swing",2025-01-09 10:25:26.830779,1.0
https://www.google.com/calendar/event?eid=Z21hMDFuMDY4cDh2dnB0ZW45b3UzcTJhYm5fMjAyNTAzMDcgNzljZnAzYXNmN2JvZDlxNGljZ2M0cnR0bm9AZw,other,Live band night - Doug Rhodes,Friday,2025-03-07,2025-03-08,,,,"Dance Victoria, 2750 Quadra St, Victoria, BC V8T 4E8, Canada",We're bringing in live music every Friday! Details at http://www.redhotswing.com/?page_id=22,Red Hot Swing,"swing, balboa, lindy hop, east coast swing",2025-01-09 10:25:26.830779,1.0
https://www.google.com/calendar/event?eid=bTZkbThhbjlsaTdtdWRrNzduNWRyY25obWVfMjAyNTAzMTVUMDMwMDAwWiA3OWNmcDNhc2Y3Ym9kOXE0aWNnYzRydHRub0Bn,social dance,Intro lesson,Friday,2025-03-14,2025-03-14,20:00:00,21:00:00,,"Dance Victoria, 2750 Quadra St, Victoria, BC V8T 4E8, Canada","If you are brand new to swing dancing, come join us for a drop-in introductory lesson before our Friday night social dance begins!",Red Hot Swing,"swing, balboa, lindy hop, east coast swing",2025-01-09 10:25:26.830779,1.0
https://www.google.com/calendar/event?eid=YmV0N25yMjZhZHM3czhkNmRsdGF1NnI4MDNfMjAyNTAzMTVUMDQwMDAwWiA3OWNmcDNhc2Y3Ym9kOXE0aWNnYzRydHRub0Bn,social dance,Friday Social Dance at Dance Victoria,Friday,2025-03-14,2025-03-14,21:00:00,23:30:00,,"Dance Victoria, 2750 Quadra St, Victoria, BC V8T 4E8, Canada",Dance time! Details at http://www.redhotswing.com/?page_id=22,Red Hot Swing,"swing, balboa, lindy hop, east coast swing",2025-01-09 10:25:26.830779,1.0
https://www.google.com/calendar/event?eid=MDZ0OHFlc3V2ODk3NnY4NnQ0bHNhNHZmdWJfMjAyNTAzMTQgNzljZnAzYXNmN2JvZDlxNGljZ2M0cnR0bm9AZw,other,Live band night - Flying Saucers,Friday,2025-03-14,2025-03-15,,,,"Dance Victoria, 2750 Quadra St, Victoria, BC V8T 4E8, Canada",We're bringing in live music every Friday! Details at http://www.redhotswing.com/?page_id=22,Red Hot Swing,"swing, balboa, lindy hop, east coast swing",2025-01-09 10:25:26.830779,1.0
https://www.google.com/calendar/event?eid=bTZkbThhbjlsaTdtdWRrNzduNWRyY25obWVfMjAyNTAzMjJUMDMwMDAwWiA3OWNmcDNhc2Y3Ym9kOXE0aWNnYzRydHRub0Bn,social dance,Intro lesson,Friday,2025-03-21,2025-03-21,20:00:00,21:00:00,,"Dance Victoria, 2750 Quadra St, Victoria, BC V8T 4E8, Canada","If you are brand new to swing dancing, come join us for a drop-in introductory lesson before our Friday night social dance begins!",Red Hot Swing,"swing, balboa, lindy hop, east coast swing",2025-01-09 10:25:26.830779,1.0
https://www.google.com/calendar/event?eid=YmV0N25yMjZhZHM3czhkNmRsdGF1NnI4MDNfMjAyNTAzMjJUMDQwMDAwWiA3OWNmcDNhc2Y3Ym9kOXE0aWNnYzRydHRub0Bn,social dance,Friday Social Dance at Dance Victoria,Friday,2025-03-21,2025-03-21,21:00:00,23:30:00,,"Dance Victoria, 2750 Quadra St, Victoria, BC V8T 4E8, Canada",Dance time! Details at http://www.redhotswing.com/?page_id=22,Red Hot Swing,"swing, balboa, lindy hop, east coast swing",2025-01-09 10:25:26.830779,1.0
https://www.google.com/calendar/event?eid=c29kZ2F0NDlybTJocjlnMjhzNTdvM3RvdTNfMjAyNTAzMjEgNzljZnAzYXNmN2JvZDlxNGljZ2M0cnR0bm9AZw,other,Live band night - Lloyd Arntzen,Friday,2025-03-21,2025-03-22,,,,"Dance Victoria, 2750 Quadra St, Victoria, BC V8T 4E8, Canada",We're bringing in live music every Friday! Details at http://www.redhotswing.com/?page_id=22,Red Hot Swing,"swing, balboa, lindy hop, east coast swing",2025-01-09 10:25:26.830779,1.0
https://www.google.com/calendar/event?eid=bTZkbThhbjlsaTdtdWRrNzduNWRyY25obWVfMjAyNTAzMjlUMDMwMDAwWiA3OWNmcDNhc2Y3Ym9kOXE0aWNnYzRydHRub0Bn,social dance,Intro lesson,Friday,2025-03-28,2025-03-28,20:00:00,21:00:00,,"Dance Victoria, 2750 Quadra St, Victoria, BC V8T 4E8, Canada","If you are brand new to swing dancing, come join us for a drop-in introductory lesson before our Friday night social dance begins!",Red Hot Swing,"swing, balboa, lindy hop, east coast swing",2025-01-09 10:25:26.830779,1.0
https://www.google.com/calendar/event?eid=YmV0N25yMjZhZHM3czhkNmRsdGF1NnI4MDNfMjAyNTAzMjlUMDQwMDAwWiA3OWNmcDNhc2Y3Ym9kOXE0aWNnYzRydHRub0Bn,social dance,Friday Social Dance at Dance Victoria,Friday,2025-03-28,2025-03-28,21:00:00,23:30:00,,"Dance Victoria, 2750 Quadra St, Victoria, BC V8T 4E8, Canada",Dance time! Details at http://www.redhotswing.com/?page_id=22,Red Hot Swing,"swing, balboa, lindy hop, east coast swing",2025-01-09 10:25:26.830779,1.0
https://www.google.com/calendar/event?eid=aGllZ2FmaDQ5aHBwamRtb3Y3N3Y0OTVzcDBfMjAyNTAzMjggNzljZnAzYXNmN2JvZDlxNGljZ2M0cnR0bm9AZw,other,Live band night - Hoppin' Mad,Friday,2025-03-28,2025-03-29,,,,"Dance Victoria, 2750 Quadra St, Victoria, BC V8T 4E8, Canada",We're bringing in live music every Friday! Details at http://www.redhotswing.com/?page_id=22,Red Hot Swing,"swing, balboa, lindy hop, east coast swing",2025-01-09 10:25:26.830779,1.0
https://www.google.com/calendar/event?eid=bTZkbThhbjlsaTdtdWRrNzduNWRyY25obWVfMjAyNTA0MDVUMDMwMDAwWiA3OWNmcDNhc2Y3Ym9kOXE0aWNnYzRydHRub0Bn,social dance,Intro lesson,Friday,2025-04-04,2025-04-04,20:00:00,21:00:00,,"Dance Victoria, 2750 Quadra St, Victoria, BC V8T 4E8, Canada","If you are brand new to swing dancing, come join us for a drop-in introductory lesson before our Friday night social dance begins!",Red Hot Swing,"swing, balboa, lindy hop, east coast swing",2025-01-09 10:25:26.830779,1.0
https://www.google.com/calendar/event?eid=YmV0N25yMjZhZHM3czhkNmRsdGF1NnI4MDNfMjAyNTA0MDVUMDQwMDAwWiA3OWNmcDNhc2Y3Ym9kOXE0aWNnYzRydHRub0Bn,social dance,Friday Social Dance at Dance Victoria,Friday,2025-04-04,2025-04-04,21:00:00,23:30:00,,"Dance Victoria, 2750 Quadra St, Victoria, BC V8T 4E8, Canada",Dance time! Details at http://www.redhotswing.com/?page_id=22,Red Hot Swing,"swing, balboa, lindy hop, east coast swing",2025-01-09 10:25:26.830779,1.0
https://www.google.com/calendar/event?eid=Z21hMDFuMDY4cDh2dnB0ZW45b3UzcTJhYm5fMjAyNTA0MDQgNzljZnAzYXNmN2JvZDlxNGljZ2M0cnR0bm9AZw,other,Live band night - Doug Rhodes,Friday,2025-04-04,2025-04-05,,,,"Dance Victoria, 2750 Quadra St, Victoria, BC V8T 4E8, Canada",We're bringing in live music every Friday! Details at http://www.redhotswing.com/?page_id=22,Red Hot Swing,"swing, balboa, lindy hop, east coast swing",2025-01-09 10:25:26.830779,1.0
https://www.google.com/calendar/event?eid=bTZkbThhbjlsaTdtdWRrNzduNWRyY25obWVfMjAyNTA0MTJUMDMwMDAwWiA3OWNmcDNhc2Y3Ym9kOXE0aWNnYzRydHRub0Bn,social dance,Intro lesson,Friday,2025-04-11,2025-04-11,20:00:00,21:00:00,,"Dance Victoria, 2750 Quadra St, Victoria, BC V8T 4E8, Canada","If you are brand new to swing dancing, come join us for a drop-in introductory lesson before our Friday night social dance begins!",Red Hot Swing,"swing, balboa, lindy hop, east coast swing",2025-01-09 10:25:26.830779,1.0
https://www.google.com/calendar/event?eid=YmV0N25yMjZhZHM3czhkNmRsdGF1NnI4MDNfMjAyNTA0MTJUMDQwMDAwWiA3OWNmcDNhc2Y3Ym9kOXE0aWNnYzRydHRub0Bn,social dance,Friday Social Dance at Dance Victoria,Friday,2025-04-11,2025-04-11,21:00:00,23:30:00,,"Dance Victoria, 2750 Quadra St, Victoria, BC V8T 4E8, Canada",Dance time! Details at http://www.redhotswing.com/?page_id=22,Red Hot Swing,"swing, balboa, lindy hop, east coast swing",2025-01-09 10:25:26.830779,1.0
https://www.google.com/calendar/event?eid=MDZ0OHFlc3V2ODk3NnY4NnQ0bHNhNHZmdWJfMjAyNTA0MTEgNzljZnAzYXNmN2JvZDlxNGljZ2M0cnR0bm9AZw,other,Live band night - Flying Saucers,Friday,2025-04-11,2025-04-12,,,,"Dance Victoria, 2750 Quadra St, Victoria, BC V8T 4E8, Canada",We're bringing in live music every Friday! Details at http://www.redhotswing.com/?page_id=22,Red Hot Swing,"swing, balboa, lindy hop, east coast swing",2025-01-09 10:25:26.830779,1.0
https://www.google.com/calendar/event?eid=bTZkbThhbjlsaTdtdWRrNzduNWRyY25obWVfMjAyNTA0MTlUMDMwMDAwWiA3OWNmcDNhc2Y3Ym9kOXE0aWNnYzRydHRub0Bn,social dance,Intro lesson,Friday,2025-04-18,2025-04-18,20:00:00,21:00:00,,"Dance Victoria, 2750 Quadra St, Victoria, BC V8T 4E8, Canada","If you are brand new to swing dancing, come join us for a drop-in introductory lesson before our Friday night social dance begins!",Red Hot Swing,"swing, balboa, lindy hop, east coast swing",2025-01-09 10:25:26.830779,1.0
https://www.google.com/calendar/event?eid=YmV0N25yMjZhZHM3czhkNmRsdGF1NnI4MDNfMjAyNTA0MTlUMDQwMDAwWiA3OWNmcDNhc2Y3Ym9kOXE0aWNnYzRydHRub0Bn,social dance,Friday Social Dance at Dance Victoria,Friday,2025-04-18,2025-04-18,21:00:00,23:30:00,,"Dance Victoria, 2750 Quadra St, Victoria, BC V8T 4E8, Canada",Dance time! Details at http://www.redhotswing.com/?page_id=22,Red Hot Swing,"swing, balboa, lindy hop, east coast swing",2025-01-09 10:25:26.830779,1.0
https://www.google.com/calendar/event?eid=c29kZ2F0NDlybTJocjlnMjhzNTdvM3RvdTNfMjAyNTA0MTggNzljZnAzYXNmN2JvZDlxNGljZ2M0cnR0bm9AZw,other,Live band night - Lloyd Arntzen,Friday,2025-04-18,2025-04-19,,,,"Dance Victoria, 2750 Quadra St, Victoria, BC V8T 4E8, Canada",We're bringing in live music every Friday! Details at http://www.redhotswing.com/?page_id=22,Red Hot Swing,"swing, balboa, lindy hop, east coast swing",2025-01-09 10:25:26.830779,1.0
https://www.google.com/calendar/event?eid=bTZkbThhbjlsaTdtdWRrNzduNWRyY25obWVfMjAyNTA0MjZUMDMwMDAwWiA3OWNmcDNhc2Y3Ym9kOXE0aWNnYzRydHRub0Bn,social dance,Intro lesson,Friday,2025-04-25,2025-04-25,20:00:00,21:00:00,,"Dance Victoria, 2750 Quadra St, Victoria, BC V8T 4E8, Canada","If you are brand new to swing dancing, come join us for a drop-in introductory lesson before our Friday night social dance begins!",Red Hot Swing,"swing, balboa, lindy hop, east coast swing",2025-01-09 10:25:26.830779,1.0
https://www.google.com/calendar/event?eid=YmV0N25yMjZhZHM3czhkNmRsdGF1NnI4MDNfMjAyNTA0MjZUMDQwMDAwWiA3OWNmcDNhc2Y3Ym9kOXE0aWNnYzRydHRub0Bn,social dance,Friday Social Dance at Dance Victoria,Friday,2025-04-25,2025-04-25,21:00:00,23:30:00,,"Dance Victoria, 2750 Quadra St, Victoria, BC V8T 4E8, Canada",Dance time! Details at http://www.redhotswing.com/?page_id=22,Red Hot Swing,"swing, balboa, lindy hop, east coast swing",2025-01-09 10:25:26.830779,1.0
https://www.google.com/calendar/event?eid=aGllZ2FmaDQ5aHBwamRtb3Y3N3Y0OTVzcDBfMjAyNTA0MjUgNzljZnAzYXNmN2JvZDlxNGljZ2M0cnR0bm9AZw,other,Live band night - Hoppin' Mad,Friday,2025-04-25,2025-04-26,,,,"Dance Victoria, 2750 Quadra St, Victoria, BC V8T 4E8, Canada",We're bringing in live music every Friday! Details at http://www.redhotswing.com/?page_id=22,Red Hot Swing,"swing, balboa, lindy hop, east coast swing",2025-01-09 10:25:26.830779,1.0
https://www.google.com/calendar/event?eid=bTZkbThhbjlsaTdtdWRrNzduNWRyY25obWVfMjAyNTA1MDNUMDMwMDAwWiA3OWNmcDNhc2Y3Ym9kOXE0aWNnYzRydHRub0Bn,social dance,Intro lesson,Friday,2025-05-02,2025-05-02,20:00:00,21:00:00,,"Dance Victoria, 2750 Quadra St, Victoria, BC V8T 4E8, Canada","If you are brand new to swing dancing, come join us for a drop-in introductory lesson before our Friday night social dance begins!",Red Hot Swing,"swing, balboa, lindy hop, east coast swing",2025-01-09 10:25:26.830779,1.0
https://www.google.com/calendar/event?eid=YmV0N25yMjZhZHM3czhkNmRsdGF1NnI4MDNfMjAyNTA1MDNUMDQwMDAwWiA3OWNmcDNhc2Y3Ym9kOXE0aWNnYzRydHRub0Bn,social dance,Friday Social Dance at Dance Victoria,Friday,2025-05-02,2025-05-02,21:00:00,23:30:00,,"Dance Victoria, 2750 Quadra St, Victoria, BC V8T 4E8, Canada",Dance time! Details at http://www.redhotswing.com/?page_id=22,Red Hot Swing,"swing, balboa, lindy hop, east coast swing",2025-01-09 10:25:26.830779,1.0
https://www.google.com/calendar/event?eid=Z21hMDFuMDY4cDh2dnB0ZW45b3UzcTJhYm5fMjAyNTA1MDIgNzljZnAzYXNmN2JvZDlxNGljZ2M0cnR0bm9AZw,other,Live band night - Doug Rhodes,Friday,2025-05-02,2025-05-03,,,,"Dance Victoria, 2750 Quadra St, Victoria, BC V8T 4E8, Canada",We're bringing in live music every Friday! Details at http://www.redhotswing.com/?page_id=22,Red Hot Swing,"swing, balboa, lindy hop, east coast swing",2025-01-09 10:25:26.830779,1.0
https://www.google.com/calendar/event?eid=bTZkbThhbjlsaTdtdWRrNzduNWRyY25obWVfMjAyNTA1MTBUMDMwMDAwWiA3OWNmcDNhc2Y3Ym9kOXE0aWNnYzRydHRub0Bn,social dance,Intro lesson,Friday,2025-05-09,2025-05-09,20:00:00,21:00:00,,"Dance Victoria, 2750 Quadra St, Victoria, BC V8T 4E8, Canada","If you are brand new to swing dancing, come join us for a drop-in introductory lesson before our Friday night social dance begins!",Red Hot Swing,"swing, balboa, lindy hop, east coast swing",2025-01-09 10:25:26.830779,1.0
https://www.google.com/calendar/event?eid=YmV0N25yMjZhZHM3czhkNmRsdGF1NnI4MDNfMjAyNTA1MTBUMDQwMDAwWiA3OWNmcDNhc2Y3Ym9kOXE0aWNnYzRydHRub0Bn,social dance,Friday Social Dance at Dance Victoria,Friday,2025-05-09,2025-05-09,21:00:00,23:30:00,,"Dance Victoria, 2750 Quadra St, Victoria, BC V8T 4E8, Canada",Dance time! Details at http://www.redhotswing.com/?page_id=22,Red Hot Swing,"swing, balboa, lindy hop, east coast swing",2025-01-09 10:25:26.830779,1.0
https://www.google.com/calendar/event?eid=MDZ0OHFlc3V2ODk3NnY4NnQ0bHNhNHZmdWJfMjAyNTA1MDkgNzljZnAzYXNmN2JvZDlxNGljZ2M0cnR0bm9AZw,other,Live band night - Flying Saucers,Friday,2025-05-09,2025-05-10,,,,"Dance Victoria, 2750 Quadra St, Victoria, BC V8T 4E8, Canada",We're bringing in live music every Friday! Details at http://www.redhotswing.com/?page_id=22,Red Hot Swing,"swing, balboa, lindy hop, east coast swing",2025-01-09 10:25:26.830779,1.0
https://www.google.com/calendar/event?eid=bTZkbThhbjlsaTdtdWRrNzduNWRyY25obWVfMjAyNTA1MTdUMDMwMDAwWiA3OWNmcDNhc2Y3Ym9kOXE0aWNnYzRydHRub0Bn,social dance,Intro lesson,Friday,2025-05-16,2025-05-16,20:00:00,21:00:00,,"Dance Victoria, 2750 Quadra St, Victoria, BC V8T 4E8, Canada","If you are brand new to swing dancing, come join us for a drop-in introductory lesson before our Friday night social dance begins!",Red Hot Swing,"swing, balboa, lindy hop, east coast swing",2025-01-09 10:25:26.830779,1.0
https://www.google.com/calendar/event?eid=YmV0N25yMjZhZHM3czhkNmRsdGF1NnI4MDNfMjAyNTA1MTdUMDQwMDAwWiA3OWNmcDNhc2Y3Ym9kOXE0aWNnYzRydHRub0Bn,social dance,Friday Social Dance at Dance Victoria,Friday,2025-05-16,2025-05-16,21:00:00,23:30:00,,"Dance Victoria, 2750 Quadra St, Victoria, BC V8T 4E8, Canada",Dance time! Details at http://www.redhotswing.com/?page_id=22,Red Hot Swing,"swing, balboa, lindy hop, east coast swing",2025-01-09 10:25:26.830779,1.0
https://www.google.com/calendar/event?eid=c29kZ2F0NDlybTJocjlnMjhzNTdvM3RvdTNfMjAyNTA1MTYgNzljZnAzYXNmN2JvZDlxNGljZ2M0cnR0bm9AZw,other,Live band night - Lloyd Arntzen,Friday,2025-05-16,2025-05-17,,,,"Dance Victoria, 2750 Quadra St, Victoria, BC V8T 4E8, Canada",We're bringing in live music every Friday! Details at http://www.redhotswing.com/?page_id=22,Red Hot Swing,"swing, balboa, lindy hop, east coast swing",2025-01-09 10:25:26.830779,1.0
https://www.google.com/calendar/event?eid=bTZkbThhbjlsaTdtdWRrNzduNWRyY25obWVfMjAyNTA1MjRUMDMwMDAwWiA3OWNmcDNhc2Y3Ym9kOXE0aWNnYzRydHRub0Bn,social dance,Intro lesson,Friday,2025-05-23,2025-05-23,20:00:00,21:00:00,,"Dance Victoria, 2750 Quadra St, Victoria, BC V8T 4E8, Canada","If you are brand new to swing dancing, come join us for a drop-in introductory lesson before our Friday night social dance begins!",Red Hot Swing,"swing, balboa, lindy hop, east coast swing",2025-01-09 10:25:26.830779,1.0
https://www.google.com/calendar/event?eid=YmV0N25yMjZhZHM3czhkNmRsdGF1NnI4MDNfMjAyNTA1MjRUMDQwMDAwWiA3OWNmcDNhc2Y3Ym9kOXE0aWNnYzRydHRub0Bn,social dance,Friday Social Dance at Dance Victoria,Friday,2025-05-23,2025-05-23,21:00:00,23:30:00,,"Dance Victoria, 2750 Quadra St, Victoria, BC V8T 4E8, Canada",Dance time! Details at http://www.redhotswing.com/?page_id=22,Red Hot Swing,"swing, balboa, lindy hop, east coast swing",2025-01-09 10:25:26.830779,1.0
https://www.google.com/calendar/event?eid=aGllZ2FmaDQ5aHBwamRtb3Y3N3Y0OTVzcDBfMjAyNTA1MjMgNzljZnAzYXNmN2JvZDlxNGljZ2M0cnR0bm9AZw,other,Live band night - Hoppin' Mad,Friday,2025-05-23,2025-05-24,,,,"Dance Victoria, 2750 Quadra St, Victoria, BC V8T 4E8, Canada",We're bringing in live music every Friday! Details at http://www.redhotswing.com/?page_id=22,Red Hot Swing,"swing, balboa, lindy hop, east coast swing",2025-01-09 10:25:26.830779,1.0
https://www.google.com/calendar/event?eid=bTZkbThhbjlsaTdtdWRrNzduNWRyY25obWVfMjAyNTA1MzFUMDMwMDAwWiA3OWNmcDNhc2Y3Ym9kOXE0aWNnYzRydHRub0Bn,social dance,Intro lesson,Friday,2025-05-30,2025-05-30,20:00:00,21:00:00,,"Dance Victoria, 2750 Quadra St, Victoria, BC V8T 4E8, Canada","If you are brand new to swing dancing, come join us for a drop-in introductory lesson before our Friday night social dance begins!",Red Hot Swing,"swing, balboa, lindy hop, east coast swing",2025-01-09 10:25:26.830779,1.0
https://www.google.com/calendar/event?eid=YmV0N25yMjZhZHM3czhkNmRsdGF1NnI4MDNfMjAyNTA1MzFUMDQwMDAwWiA3OWNmcDNhc2Y3Ym9kOXE0aWNnYzRydHRub0Bn,social dance,Friday Social Dance at Dance Victoria,Friday,2025-05-30,2025-05-30,21:00:00,23:30:00,,"Dance Victoria, 2750 Quadra St, Victoria, BC V8T 4E8, Canada",Dance time! Details at http://www.redhotswing.com/?page_id=22,Red Hot Swing,"swing, balboa, lindy hop, east coast swing",2025-01-09 10:25:26.830779,1.0
https://www.google.com/calendar/event?eid=bTZkbThhbjlsaTdtdWRrNzduNWRyY25obWVfMjAyNTA2MDdUMDMwMDAwWiA3OWNmcDNhc2Y3Ym9kOXE0aWNnYzRydHRub0Bn,social dance,Intro lesson,Friday,2025-06-06,2025-06-06,20:00:00,21:00:00,,"Dance Victoria, 2750 Quadra St, Victoria, BC V8T 4E8, Canada","If you are brand new to swing dancing, come join us for a drop-in introductory lesson before our Friday night social dance begins!",Red Hot Swing,"swing, balboa, lindy hop, east coast swing",2025-01-09 10:25:26.830779,1.0
https://www.google.com/calendar/event?eid=YmV0N25yMjZhZHM3czhkNmRsdGF1NnI4MDNfMjAyNTA2MDdUMDQwMDAwWiA3OWNmcDNhc2Y3Ym9kOXE0aWNnYzRydHRub0Bn,social dance,Friday Social Dance at Dance Victoria,Friday,2025-06-06,2025-06-06,21:00:00,23:30:00,,"Dance Victoria, 2750 Quadra St, Victoria, BC V8T 4E8, Canada",Dance time! Details at http://www.redhotswing.com/?page_id=22,Red Hot Swing,"swing, balboa, lindy hop, east coast swing",2025-01-09 10:25:26.830779,1.0
https://www.google.com/calendar/event?eid=Z21hMDFuMDY4cDh2dnB0ZW45b3UzcTJhYm5fMjAyNTA2MDYgNzljZnAzYXNmN2JvZDlxNGljZ2M0cnR0bm9AZw,other,Live band night - Doug Rhodes,Friday,2025-06-06,2025-06-07,,,,"Dance Victoria, 2750 Quadra St, Victoria, BC V8T 4E8, Canada",We're bringing in live music every Friday! Details at http://www.redhotswing.com/?page_id=22,Red Hot Swing,"swing, balboa, lindy hop, east coast swing",2025-01-09 10:25:26.830779,1.0
https://www.google.com/calendar/event?eid=bTZkbThhbjlsaTdtdWRrNzduNWRyY25obWVfMjAyNTA2MTRUMDMwMDAwWiA3OWNmcDNhc2Y3Ym9kOXE0aWNnYzRydHRub0Bn,social dance,Intro lesson,Friday,2025-06-13,2025-06-13,20:00:00,21:00:00,,"Dance Victoria, 2750 Quadra St, Victoria, BC V8T 4E8, Canada","If you are brand new to swing dancing, come join us for a drop-in introductory lesson before our Friday night social dance begins!",Red Hot Swing,"swing, balboa, lindy hop, east coast swing",2025-01-09 10:25:26.830779,1.0
https://www.google.com/calendar/event?eid=YmV0N25yMjZhZHM3czhkNmRsdGF1NnI4MDNfMjAyNTA2MTRUMDQwMDAwWiA3OWNmcDNhc2Y3Ym9kOXE0aWNnYzRydHRub0Bn,social dance,Friday Social Dance at Dance Victoria,Friday,2025-06-13,2025-06-13,21:00:00,23:30:00,,"Dance Victoria, 2750 Quadra St, Victoria, BC V8T 4E8, Canada",Dance time! Details at http://www.redhotswing.com/?page_id=22,Red Hot Swing,"swing, balboa, lindy hop, east coast swing",2025-01-09 10:25:26.830779,1.0
https://www.google.com/calendar/event?eid=MDZ0OHFlc3V2ODk3NnY4NnQ0bHNhNHZmdWJfMjAyNTA2MTMgNzljZnAzYXNmN2JvZDlxNGljZ2M0cnR0bm9AZw,other,Live band night - Flying Saucers,Friday,2025-06-13,2025-06-14,,,,"Dance Victoria, 2750 Quadra St, Victoria, BC V8T 4E8, Canada",We're bringing in live music every Friday! Details at http://www.redhotswing.com/?page_id=22,Red Hot Swing,"swing, balboa, lindy hop, east coast swing",2025-01-09 10:25:26.830779,1.0
https://www.google.com/calendar/event?eid=bTZkbThhbjlsaTdtdWRrNzduNWRyY25obWVfMjAyNTA2MjFUMDMwMDAwWiA3OWNmcDNhc2Y3Ym9kOXE0aWNnYzRydHRub0Bn,social dance,Intro lesson,Friday,2025-06-20,2025-06-20,20:00:00,21:00:00,,"Dance Victoria, 2750 Quadra St, Victoria, BC V8T 4E8, Canada","If you are brand new to swing dancing, come join us for a drop-in introductory lesson before our Friday night social dance begins!",Red Hot Swing,"swing, balboa, lindy hop, east coast swing",2025-01-09 10:25:26.830779,1.0
https://www.google.com/calendar/event?eid=YmV0N25yMjZhZHM3czhkNmRsdGF1NnI4MDNfMjAyNTA2MjFUMDQwMDAwWiA3OWNmcDNhc2Y3Ym9kOXE0aWNnYzRydHRub0Bn,social dance,Friday Social Dance at Dance Victoria,Friday,2025-06-20,2025-06-20,21:00:00,23:30:00,,"Dance Victoria, 2750 Quadra St, Victoria, BC V8T 4E8, Canada",Dance time! Details at http://www.redhotswing.com/?page_id=22,Red Hot Swing,"swing, balboa, lindy hop, east coast swing",2025-01-09 10:25:26.830779,1.0
https://www.google.com/calendar/event?eid=c29kZ2F0NDlybTJocjlnMjhzNTdvM3RvdTNfMjAyNTA2MjAgNzljZnAzYXNmN2JvZDlxNGljZ2M0cnR0bm9AZw,other,Live band night - Lloyd Arntzen,Friday,2025-06-20,2025-06-21,,,,"Dance Victoria, 2750 Quadra St, Victoria, BC V8T 4E8, Canada",We're bringing in live music every Friday! Details at http://www.redhotswing.com/?page_id=22,Red Hot Swing,"swing, balboa, lindy hop, east coast swing",2025-01-09 10:25:26.830779,1.0
https://www.google.com/calendar/event?eid=bTZkbThhbjlsaTdtdWRrNzduNWRyY25obWVfMjAyNTA2MjhUMDMwMDAwWiA3OWNmcDNhc2Y3Ym9kOXE0aWNnYzRydHRub0Bn,social dance,Intro lesson,Friday,2025-06-27,2025-06-27,20:00:00,21:00:00,,"Dance Victoria, 2750 Quadra St, Victoria, BC V8T 4E8, Canada","If you are brand new to swing dancing, come join us for a drop-in introductory lesson before our Friday night social dance begins!",Red Hot Swing,"swing, balboa, lindy hop, east coast swing",2025-01-09 10:25:26.830779,1.0
https://www.google.com/calendar/event?eid=YmV0N25yMjZhZHM3czhkNmRsdGF1NnI4MDNfMjAyNTA2MjhUMDQwMDAwWiA3OWNmcDNhc2Y3Ym9kOXE0aWNnYzRydHRub0Bn,social dance,Friday Social Dance at Dance Victoria,Friday,2025-06-27,2025-06-27,21:00:00,23:30:00,,"Dance Victoria, 2750 Quadra St, Victoria, BC V8T 4E8, Canada",Dance time! Details at http://www.redhotswing.com/?page_id=22,Red Hot Swing,"swing, balboa, lindy hop, east coast swing",2025-01-09 10:25:26.830779,1.0
https://www.google.com/calendar/event?eid=aGllZ2FmaDQ5aHBwamRtb3Y3N3Y0OTVzcDBfMjAyNTA2MjcgNzljZnAzYXNmN2JvZDlxNGljZ2M0cnR0bm9AZw,other,Live band night - Hoppin' Mad,Friday,2025-06-27,2025-06-28,,,,"Dance Victoria, 2750 Quadra St, Victoria, BC V8T 4E8, Canada",We're bringing in live music every Friday! Details at http://www.redhotswing.com/?page_id=22,Red Hot Swing,"swing, balboa, lindy hop, east coast swing",2025-01-09 10:25:26.830779,1.0
https://www.google.com/calendar/event?eid=bTZkbThhbjlsaTdtdWRrNzduNWRyY25obWVfMjAyNTA3MDVUMDMwMDAwWiA3OWNmcDNhc2Y3Ym9kOXE0aWNnYzRydHRub0Bn,social dance,Intro lesson,Friday,2025-07-04,2025-07-04,20:00:00,21:00:00,,"Dance Victoria, 2750 Quadra St, Victoria, BC V8T 4E8, Canada","If you are brand new to swing dancing, come join us for a drop-in introductory lesson before our Friday night social dance begins!",Red Hot Swing,"swing, balboa, lindy hop, east coast swing",2025-01-09 10:25:26.830779,1.0
https://www.google.com/calendar/event?eid=YmV0N25yMjZhZHM3czhkNmRsdGF1NnI4MDNfMjAyNTA3MDVUMDQwMDAwWiA3OWNmcDNhc2Y3Ym9kOXE0aWNnYzRydHRub0Bn,social dance,Friday Social Dance at Dance Victoria,Friday,2025-07-04,2025-07-04,21:00:00,23:30:00,,"Dance Victoria, 2750 Quadra St, Victoria, BC V8T 4E8, Canada",Dance time! Details at http://www.redhotswing.com/?page_id=22,Red Hot Swing,"swing, balboa, lindy hop, east coast swing",2025-01-09 10:25:26.830779,1.0
https://www.google.com/calendar/event?eid=Z21hMDFuMDY4cDh2dnB0ZW45b3UzcTJhYm5fMjAyNTA3MDQgNzljZnAzYXNmN2JvZDlxNGljZ2M0cnR0bm9AZw,other,Live band night - Doug Rhodes,Friday,2025-07-04,2025-07-05,,,,"Dance Victoria, 2750 Quadra St, Victoria, BC V8T 4E8, Canada",We're bringing in live music every Friday! Details at http://www.redhotswing.com/?page_id=22,Red Hot Swing,"swing, balboa, lindy hop, east coast swing",2025-01-09 10:25:26.830779,1.0
https://www.google.com/calendar/event?eid=bTZkbThhbjlsaTdtdWRrNzduNWRyY25obWVfMjAyNTA3MTJUMDMwMDAwWiA3OWNmcDNhc2Y3Ym9kOXE0aWNnYzRydHRub0Bn,social dance,Intro lesson,Friday,2025-07-11,2025-07-11,20:00:00,21:00:00,,"Dance Victoria, 2750 Quadra St, Victoria, BC V8T 4E8, Canada","If you are brand new to swing dancing, come join us for a drop-in introductory lesson before our Friday night social dance begins!",Red Hot Swing,"swing, balboa, lindy hop, east coast swing",2025-01-09 10:25:26.830779,1.0
https://www.google.com/calendar/event?eid=YmV0N25yMjZhZHM3czhkNmRsdGF1NnI4MDNfMjAyNTA3MTJUMDQwMDAwWiA3OWNmcDNhc2Y3Ym9kOXE0aWNnYzRydHRub0Bn,social dance,Friday Social Dance at Dance Victoria,Friday,2025-07-11,2025-07-11,21:00:00,23:30:00,,"Dance Victoria, 2750 Quadra St, Victoria, BC V8T 4E8, Canada",Dance time! Details at http://www.redhotswing.com/?page_id=22,Red Hot Swing,"swing, balboa, lindy hop, east coast swing",2025-01-09 10:25:26.830779,1.0
https://www.google.com/calendar/event?eid=MDZ0OHFlc3V2ODk3NnY4NnQ0bHNhNHZmdWJfMjAyNTA3MTEgNzljZnAzYXNmN2JvZDlxNGljZ2M0cnR0bm9AZw,other,Live band night - Flying Saucers,Friday,2025-07-11,2025-07-12,,,,"Dance Victoria, 2750 Quadra St, Victoria, BC V8T 4E8, Canada",We're bringing in live music every Friday! Details at http://www.redhotswing.com/?page_id=22,Red Hot Swing,"swing, balboa, lindy hop, east coast swing",2025-01-09 10:25:26.830779,1.0
https://www.google.com/calendar/event?eid=bTZkbThhbjlsaTdtdWRrNzduNWRyY25obWVfMjAyNTA3MTlUMDMwMDAwWiA3OWNmcDNhc2Y3Ym9kOXE0aWNnYzRydHRub0Bn,social dance,Intro lesson,Friday,2025-07-18,2025-07-18,20:00:00,21:00:00,,"Dance Victoria, 2750 Quadra St, Victoria, BC V8T 4E8, Canada","If you are brand new to swing dancing, come join us for a drop-in introductory lesson before our Friday night social dance begins!",Red Hot Swing,"swing, balboa, lindy hop, east coast swing",2025-01-09 10:25:26.830779,1.0
https://www.google.com/calendar/event?eid=YmV0N25yMjZhZHM3czhkNmRsdGF1NnI4MDNfMjAyNTA3MTlUMDQwMDAwWiA3OWNmcDNhc2Y3Ym9kOXE0aWNnYzRydHRub0Bn,social dance,Friday Social Dance at Dance Victoria,Friday,2025-07-18,2025-07-18,21:00:00,23:30:00,,"Dance Victoria, 2750 Quadra St, Victoria, BC V8T 4E8, Canada",Dance time! Details at http://www.redhotswing.com/?page_id=22,Red Hot Swing,"swing, balboa, lindy hop, east coast swing",2025-01-09 10:25:26.830779,1.0
https://www.google.com/calendar/event?eid=c29kZ2F0NDlybTJocjlnMjhzNTdvM3RvdTNfMjAyNTA3MTggNzljZnAzYXNmN2JvZDlxNGljZ2M0cnR0bm9AZw,other,Live band night - Lloyd Arntzen,Friday,2025-07-18,2025-07-19,,,,"Dance Victoria, 2750 Quadra St, Victoria, BC V8T 4E8, Canada",We're bringing in live music every Friday! Details at http://www.redhotswing.com/?page_id=22,Red Hot Swing,"swing, balboa, lindy hop, east coast swing",2025-01-09 10:25:26.830779,1.0
https://www.google.com/calendar/event?eid=bTZkbThhbjlsaTdtdWRrNzduNWRyY25obWVfMjAyNTA3MjZUMDMwMDAwWiA3OWNmcDNhc2Y3Ym9kOXE0aWNnYzRydHRub0Bn,social dance,Intro lesson,Friday,2025-07-25,2025-07-25,20:00:00,21:00:00,,"Dance Victoria, 2750 Quadra St, Victoria, BC V8T 4E8, Canada","If you are brand new to swing dancing, come join us for a drop-in introductory lesson before our Friday night social dance begins!",Red Hot Swing,"swing, balboa, lindy hop, east coast swing",2025-01-09 10:25:26.830779,1.0
https://www.google.com/calendar/event?eid=YmV0N25yMjZhZHM3czhkNmRsdGF1NnI4MDNfMjAyNTA3MjZUMDQwMDAwWiA3OWNmcDNhc2Y3Ym9kOXE0aWNnYzRydHRub0Bn,social dance,Friday Social Dance at Dance Victoria,Friday,2025-07-25,2025-07-25,21:00:00,23:30:00,,"Dance Victoria, 2750 Quadra St, Victoria, BC V8T 4E8, Canada",Dance time! Details at http://www.redhotswing.com/?page_id=22,Red Hot Swing,"swing, balboa, lindy hop, east coast swing",2025-01-09 10:25:26.830779,1.0
https://www.google.com/calendar/event?eid=aGllZ2FmaDQ5aHBwamRtb3Y3N3Y0OTVzcDBfMjAyNTA3MjUgNzljZnAzYXNmN2JvZDlxNGljZ2M0cnR0bm9AZw,other,Live band night - Hoppin' Mad,Friday,2025-07-25,2025-07-26,,,,"Dance Victoria, 2750 Quadra St, Victoria, BC V8T 4E8, Canada",We're bringing in live music every Friday! Details at http://www.redhotswing.com/?page_id=22,Red Hot Swing,"swing, balboa, lindy hop, east coast swing",2025-01-09 10:25:26.830779,1.0
https://www.google.com/calendar/event?eid=bTZkbThhbjlsaTdtdWRrNzduNWRyY25obWVfMjAyNTA4MDJUMDMwMDAwWiA3OWNmcDNhc2Y3Ym9kOXE0aWNnYzRydHRub0Bn,social dance,Intro lesson,Friday,2025-08-01,2025-08-01,20:00:00,21:00:00,,"Dance Victoria, 2750 Quadra St, Victoria, BC V8T 4E8, Canada","If you are brand new to swing dancing, come join us for a drop-in introductory lesson before our Friday night social dance begins!",Red Hot Swing,"swing, balboa, lindy hop, east coast swing",2025-01-09 10:25:26.830779,1.0
https://www.google.com/calendar/event?eid=YmV0N25yMjZhZHM3czhkNmRsdGF1NnI4MDNfMjAyNTA4MDJUMDQwMDAwWiA3OWNmcDNhc2Y3Ym9kOXE0aWNnYzRydHRub0Bn,social dance,Friday Social Dance at Dance Victoria,Friday,2025-08-01,2025-08-01,21:00:00,23:30:00,,"Dance Victoria, 2750 Quadra St, Victoria, BC V8T 4E8, Canada",Dance time! Details at http://www.redhotswing.com/?page_id=22,Red Hot Swing,"swing, balboa, lindy hop, east coast swing",2025-01-09 10:25:26.830779,1.0
https://www.google.com/calendar/event?eid=Z21hMDFuMDY4cDh2dnB0ZW45b3UzcTJhYm5fMjAyNTA4MDEgNzljZnAzYXNmN2JvZDlxNGljZ2M0cnR0bm9AZw,other,Live band night - Doug Rhodes,Friday,2025-08-01,2025-08-02,,,,"Dance Victoria, 2750 Quadra St, Victoria, BC V8T 4E8, Canada",We're bringing in live music every Friday! Details at http://www.redhotswing.com/?page_id=22,Red Hot Swing,"swing, balboa, lindy hop, east coast swing",2025-01-09 10:25:26.830779,1.0
https://www.google.com/calendar/event?eid=bTZkbThhbjlsaTdtdWRrNzduNWRyY25obWVfMjAyNTA4MDlUMDMwMDAwWiA3OWNmcDNhc2Y3Ym9kOXE0aWNnYzRydHRub0Bn,social dance,Intro lesson,Friday,2025-08-08,2025-08-08,20:00:00,21:00:00,,"Dance Victoria, 2750 Quadra St, Victoria, BC V8T 4E8, Canada","If you are brand new to swing dancing, come join us for a drop-in introductory lesson before our Friday night social dance begins!",Red Hot Swing,"swing, balboa, lindy hop, east coast swing",2025-01-09 10:25:26.830779,1.0
https://www.google.com/calendar/event?eid=YmV0N25yMjZhZHM3czhkNmRsdGF1NnI4MDNfMjAyNTA4MDlUMDQwMDAwWiA3OWNmcDNhc2Y3Ym9kOXE0aWNnYzRydHRub0Bn,social dance,Friday Social Dance at Dance Victoria,Friday,2025-08-08,2025-08-08,21:00:00,23:30:00,,"Dance Victoria, 2750 Quadra St, Victoria, BC V8T 4E8, Canada",Dance time! Details at http://www.redhotswing.com/?page_id=22,Red Hot Swing,"swing, balboa, lindy hop, east coast swing",2025-01-09 10:25:26.830779,1.0
https://www.google.com/calendar/event?eid=MDZ0OHFlc3V2ODk3NnY4NnQ0bHNhNHZmdWJfMjAyNTA4MDggNzljZnAzYXNmN2JvZDlxNGljZ2M0cnR0bm9AZw,other,Live band night - Flying Saucers,Friday,2025-08-08,2025-08-09,,,,"Dance Victoria, 2750 Quadra St, Victoria, BC V8T 4E8, Canada",We're bringing in live music every Friday! Details at http://www.redhotswing.com/?page_id=22,Red Hot Swing,"swing, balboa, lindy hop, east coast swing",2025-01-09 10:25:26.830779,1.0
https://www.google.com/calendar/event?eid=bTZkbThhbjlsaTdtdWRrNzduNWRyY25obWVfMjAyNTA4MTZUMDMwMDAwWiA3OWNmcDNhc2Y3Ym9kOXE0aWNnYzRydHRub0Bn,social dance,Intro lesson,Friday,2025-08-15,2025-08-15,20:00:00,21:00:00,,"Dance Victoria, 2750 Quadra St, Victoria, BC V8T 4E8, Canada","If you are brand new to swing dancing, come join us for a drop-in introductory lesson before our Friday night social dance begins!",Red Hot Swing,"swing, balboa, lindy hop, east coast swing",2025-01-09 10:25:26.830779,1.0
https://www.google.com/calendar/event?eid=YmV0N25yMjZhZHM3czhkNmRsdGF1NnI4MDNfMjAyNTA4MTZUMDQwMDAwWiA3OWNmcDNhc2Y3Ym9kOXE0aWNnYzRydHRub0Bn,social dance,Friday Social Dance at Dance Victoria,Friday,2025-08-15,2025-08-15,21:00:00,23:30:00,,"Dance Victoria, 2750 Quadra St, Victoria, BC V8T 4E8, Canada",Dance time! Details at http://www.redhotswing.com/?page_id=22,Red Hot Swing,"swing, balboa, lindy hop, east coast swing",2025-01-09 10:25:26.830779,1.0
https://www.google.com/calendar/event?eid=c29kZ2F0NDlybTJocjlnMjhzNTdvM3RvdTNfMjAyNTA4MTUgNzljZnAzYXNmN2JvZDlxNGljZ2M0cnR0bm9AZw,other,Live band night - Lloyd Arntzen,Friday,2025-08-15,2025-08-16,,,,"Dance Victoria, 2750 Quadra St, Victoria, BC V8T 4E8, Canada",We're bringing in live music every Friday! Details at http://www.redhotswing.com/?page_id=22,Red Hot Swing,"swing, balboa, lindy hop, east coast swing",2025-01-09 10:25:26.830779,1.0
https://www.google.com/calendar/event?eid=bTZkbThhbjlsaTdtdWRrNzduNWRyY25obWVfMjAyNTA4MjNUMDMwMDAwWiA3OWNmcDNhc2Y3Ym9kOXE0aWNnYzRydHRub0Bn,social dance,Intro lesson,Friday,2025-08-22,2025-08-22,20:00:00,21:00:00,,"Dance Victoria, 2750 Quadra St, Victoria, BC V8T 4E8, Canada","If you are brand new to swing dancing, come join us for a drop-in introductory lesson before our Friday night social dance begins!",Red Hot Swing,"swing, balboa, lindy hop, east coast swing",2025-01-09 10:25:26.830779,1.0
https://www.google.com/calendar/event?eid=YmV0N25yMjZhZHM3czhkNmRsdGF1NnI4MDNfMjAyNTA4MjNUMDQwMDAwWiA3OWNmcDNhc2Y3Ym9kOXE0aWNnYzRydHRub0Bn,social dance,Friday Social Dance at Dance Victoria,Friday,2025-08-22,2025-08-22,21:00:00,23:30:00,,"Dance Victoria, 2750 Quadra St, Victoria, BC V8T 4E8, Canada",Dance time! Details at http://www.redhotswing.com/?page_id=22,Red Hot Swing,"swing, balboa, lindy hop, east coast swing",2025-01-09 10:25:26.830779,1.0
https://www.google.com/calendar/event?eid=aGllZ2FmaDQ5aHBwamRtb3Y3N3Y0OTVzcDBfMjAyNTA4MjIgNzljZnAzYXNmN2JvZDlxNGljZ2M0cnR0bm9AZw,other,Live band night - Hoppin' Mad,Friday,2025-08-22,2025-08-23,,,,"Dance Victoria, 2750 Quadra St, Victoria, BC V8T 4E8, Canada",We're bringing in live music every Friday! Details at http://www.redhotswing.com/?page_id=22,Red Hot Swing,"swing, balboa, lindy hop, east coast swing",2025-01-09 10:25:26.830779,1.0
https://www.google.com/calendar/event?eid=bTZkbThhbjlsaTdtdWRrNzduNWRyY25obWVfMjAyNTA4MzBUMDMwMDAwWiA3OWNmcDNhc2Y3Ym9kOXE0aWNnYzRydHRub0Bn,social dance,Intro lesson,Friday,2025-08-29,2025-08-29,20:00:00,21:00:00,,"Dance Victoria, 2750 Quadra St, Victoria, BC V8T 4E8, Canada","If you are brand new to swing dancing, come join us for a drop-in introductory lesson before our Friday night social dance begins!",Red Hot Swing,"swing, balboa, lindy hop, east coast swing",2025-01-09 10:25:26.830779,1.0
https://www.google.com/calendar/event?eid=YmV0N25yMjZhZHM3czhkNmRsdGF1NnI4MDNfMjAyNTA4MzBUMDQwMDAwWiA3OWNmcDNhc2Y3Ym9kOXE0aWNnYzRydHRub0Bn,social dance,Friday Social Dance at Dance Victoria,Friday,2025-08-29,2025-08-29,21:00:00,23:30:00,,"Dance Victoria, 2750 Quadra St, Victoria, BC V8T 4E8, Canada",Dance time! Details at http://www.redhotswing.com/?page_id=22,Red Hot Swing,"swing, balboa, lindy hop, east coast swing",2025-01-09 10:25:26.830779,1.0
https://www.google.com/calendar/event?eid=bTZkbThhbjlsaTdtdWRrNzduNWRyY25obWVfMjAyNTA5MDZUMDMwMDAwWiA3OWNmcDNhc2Y3Ym9kOXE0aWNnYzRydHRub0Bn,social dance,Intro lesson,Friday,2025-09-05,2025-09-05,20:00:00,21:00:00,,"Dance Victoria, 2750 Quadra St, Victoria, BC V8T 4E8, Canada","If you are brand new to swing dancing, come join us for a drop-in introductory lesson before our Friday night social dance begins!",Red Hot Swing,"swing, balboa, lindy hop, east coast swing",2025-01-09 10:25:26.830779,1.0
https://www.google.com/calendar/event?eid=YmV0N25yMjZhZHM3czhkNmRsdGF1NnI4MDNfMjAyNTA5MDZUMDQwMDAwWiA3OWNmcDNhc2Y3Ym9kOXE0aWNnYzRydHRub0Bn,social dance,Friday Social Dance at Dance Victoria,Friday,2025-09-05,2025-09-05,21:00:00,23:30:00,,"Dance Victoria, 2750 Quadra St, Victoria, BC V8T 4E8, Canada",Dance time! Details at http://www.redhotswing.com/?page_id=22,Red Hot Swing,"swing, balboa, lindy hop, east coast swing",2025-01-09 10:25:26.830779,1.0
https://www.google.com/calendar/event?eid=Z21hMDFuMDY4cDh2dnB0ZW45b3UzcTJhYm5fMjAyNTA5MDUgNzljZnAzYXNmN2JvZDlxNGljZ2M0cnR0bm9AZw,other,Live band night - Doug Rhodes,Friday,2025-09-05,2025-09-06,,,,"Dance Victoria, 2750 Quadra St, Victoria, BC V8T 4E8, Canada",We're bringing in live music every Friday! Details at http://www.redhotswing.com/?page_id=22,Red Hot Swing,"swing, balboa, lindy hop, east coast swing",2025-01-09 10:25:26.830779,1.0
https://www.google.com/calendar/event?eid=bTZkbThhbjlsaTdtdWRrNzduNWRyY25obWVfMjAyNTA5MTNUMDMwMDAwWiA3OWNmcDNhc2Y3Ym9kOXE0aWNnYzRydHRub0Bn,social dance,Intro lesson,Friday,2025-09-12,2025-09-12,20:00:00,21:00:00,,"Dance Victoria, 2750 Quadra St, Victoria, BC V8T 4E8, Canada","If you are brand new to swing dancing, come join us for a drop-in introductory lesson before our Friday night social dance begins!",Red Hot Swing,"swing, balboa, lindy hop, east coast swing",2025-01-09 10:25:26.830779,1.0
https://www.google.com/calendar/event?eid=YmV0N25yMjZhZHM3czhkNmRsdGF1NnI4MDNfMjAyNTA5MTNUMDQwMDAwWiA3OWNmcDNhc2Y3Ym9kOXE0aWNnYzRydHRub0Bn,social dance,Friday Social Dance at Dance Victoria,Friday,2025-09-12,2025-09-12,21:00:00,23:30:00,,"Dance Victoria, 2750 Quadra St, Victoria, BC V8T 4E8, Canada",Dance time! Details at http://www.redhotswing.com/?page_id=22,Red Hot Swing,"swing, balboa, lindy hop, east coast swing",2025-01-09 10:25:26.830779,1.0
https://www.google.com/calendar/event?eid=MDZ0OHFlc3V2ODk3NnY4NnQ0bHNhNHZmdWJfMjAyNTA5MTIgNzljZnAzYXNmN2JvZDlxNGljZ2M0cnR0bm9AZw,other,Live band night - Flying Saucers,Friday,2025-09-12,2025-09-13,,,,"Dance Victoria, 2750 Quadra St, Victoria, BC V8T 4E8, Canada",We're bringing in live music every Friday! Details at http://www.redhotswing.com/?page_id=22,Red Hot Swing,"swing, balboa, lindy hop, east coast swing",2025-01-09 10:25:26.830779,1.0
https://www.google.com/calendar/event?eid=bTZkbThhbjlsaTdtdWRrNzduNWRyY25obWVfMjAyNTA5MjBUMDMwMDAwWiA3OWNmcDNhc2Y3Ym9kOXE0aWNnYzRydHRub0Bn,social dance,Intro lesson,Friday,2025-09-19,2025-09-19,20:00:00,21:00:00,,"Dance Victoria, 2750 Quadra St, Victoria, BC V8T 4E8, Canada","If you are brand new to swing dancing, come join us for a drop-in introductory lesson before our Friday night social dance begins!",Red Hot Swing,"swing, balboa, lindy hop, east coast swing",2025-01-09 10:25:26.830779,1.0
https://www.google.com/calendar/event?eid=YmV0N25yMjZhZHM3czhkNmRsdGF1NnI4MDNfMjAyNTA5MjBUMDQwMDAwWiA3OWNmcDNhc2Y3Ym9kOXE0aWNnYzRydHRub0Bn,social dance,Friday Social Dance at Dance Victoria,Friday,2025-09-19,2025-09-19,21:00:00,23:30:00,,"Dance Victoria, 2750 Quadra St, Victoria, BC V8T 4E8, Canada",Dance time! Details at http://www.redhotswing.com/?page_id=22,Red Hot Swing,"swing, balboa, lindy hop, east coast swing",2025-01-09 10:25:26.830779,1.0
https://www.google.com/calendar/event?eid=c29kZ2F0NDlybTJocjlnMjhzNTdvM3RvdTNfMjAyNTA5MTkgNzljZnAzYXNmN2JvZDlxNGljZ2M0cnR0bm9AZw,other,Live band night - Lloyd Arntzen,Friday,2025-09-19,2025-09-20,,,,"Dance Victoria, 2750 Quadra St, Victoria, BC V8T 4E8, Canada",We're bringing in live music every Friday! Details at http://www.redhotswing.com/?page_id=22,Red Hot Swing,"swing, balboa, lindy hop, east coast swing",2025-01-09 10:25:26.830779,1.0
https://www.google.com/calendar/event?eid=bTZkbThhbjlsaTdtdWRrNzduNWRyY25obWVfMjAyNTA5MjdUMDMwMDAwWiA3OWNmcDNhc2Y3Ym9kOXE0aWNnYzRydHRub0Bn,social dance,Intro lesson,Friday,2025-09-26,2025-09-26,20:00:00,21:00:00,,"Dance Victoria, 2750 Quadra St, Victoria, BC V8T 4E8, Canada","If you are brand new to swing dancing, come join us for a drop-in introductory lesson before our Friday night social dance begins!",Red Hot Swing,"swing, balboa, lindy hop, east coast swing",2025-01-09 10:25:26.830779,1.0
https://www.google.com/calendar/event?eid=YmV0N25yMjZhZHM3czhkNmRsdGF1NnI4MDNfMjAyNTA5MjdUMDQwMDAwWiA3OWNmcDNhc2Y3Ym9kOXE0aWNnYzRydHRub0Bn,social dance,Friday Social Dance at Dance Victoria,Friday,2025-09-26,2025-09-26,21:00:00,23:30:00,,"Dance Victoria, 2750 Quadra St, Victoria, BC V8T 4E8, Canada",Dance time! Details at http://www.redhotswing.com/?page_id=22,Red Hot Swing,"swing, balboa, lindy hop, east coast swing",2025-01-09 10:25:26.830779,1.0
https://www.google.com/calendar/event?eid=aGllZ2FmaDQ5aHBwamRtb3Y3N3Y0OTVzcDBfMjAyNTA5MjYgNzljZnAzYXNmN2JvZDlxNGljZ2M0cnR0bm9AZw,other,Live band night - Hoppin' Mad,Friday,2025-09-26,2025-09-27,,,,"Dance Victoria, 2750 Quadra St, Victoria, BC V8T 4E8, Canada",We're bringing in live music every Friday! Details at http://www.redhotswing.com/?page_id=22,Red Hot Swing,"swing, balboa, lindy hop, east coast swing",2025-01-09 10:25:26.830779,1.0
https://www.google.com/calendar/event?eid=bTZkbThhbjlsaTdtdWRrNzduNWRyY25obWVfMjAyNTEwMDRUMDMwMDAwWiA3OWNmcDNhc2Y3Ym9kOXE0aWNnYzRydHRub0Bn,social dance,Intro lesson,Friday,2025-10-03,2025-10-03,20:00:00,21:00:00,,"Dance Victoria, 2750 Quadra St, Victoria, BC V8T 4E8, Canada","If you are brand new to swing dancing, come join us for a drop-in introductory lesson before our Friday night social dance begins!",Red Hot Swing,"swing, balboa, lindy hop, east coast swing",2025-01-09 10:25:26.830779,1.0
https://www.google.com/calendar/event?eid=YmV0N25yMjZhZHM3czhkNmRsdGF1NnI4MDNfMjAyNTEwMDRUMDQwMDAwWiA3OWNmcDNhc2Y3Ym9kOXE0aWNnYzRydHRub0Bn,social dance,Friday Social Dance at Dance Victoria,Friday,2025-10-03,2025-10-03,21:00:00,23:30:00,,"Dance Victoria, 2750 Quadra St, Victoria, BC V8T 4E8, Canada",Dance time! Details at http://www.redhotswing.com/?page_id=22,Red Hot Swing,"swing, balboa, lindy hop, east coast swing",2025-01-09 10:25:26.830779,1.0
https://www.google.com/calendar/event?eid=Z21hMDFuMDY4cDh2dnB0ZW45b3UzcTJhYm5fMjAyNTEwMDMgNzljZnAzYXNmN2JvZDlxNGljZ2M0cnR0bm9AZw,other,Live band night - Doug Rhodes,Friday,2025-10-03,2025-10-04,,,,"Dance Victoria, 2750 Quadra St, Victoria, BC V8T 4E8, Canada",We're bringing in live music every Friday! Details at http://www.redhotswing.com/?page_id=22,Red Hot Swing,"swing, balboa, lindy hop, east coast swing",2025-01-09 10:25:26.830779,1.0
https://www.google.com/calendar/event?eid=bTZkbThhbjlsaTdtdWRrNzduNWRyY25obWVfMjAyNTEwMTFUMDMwMDAwWiA3OWNmcDNhc2Y3Ym9kOXE0aWNnYzRydHRub0Bn,social dance,Intro lesson,Friday,2025-10-10,2025-10-10,20:00:00,21:00:00,,"Dance Victoria, 2750 Quadra St, Victoria, BC V8T 4E8, Canada","If you are brand new to swing dancing, come join us for a drop-in introductory lesson before our Friday night social dance begins!",Red Hot Swing,"swing, balboa, lindy hop, east coast swing",2025-01-09 10:25:26.830779,1.0
https://www.google.com/calendar/event?eid=YmV0N25yMjZhZHM3czhkNmRsdGF1NnI4MDNfMjAyNTEwMTFUMDQwMDAwWiA3OWNmcDNhc2Y3Ym9kOXE0aWNnYzRydHRub0Bn,social dance,Friday Social Dance at Dance Victoria,Friday,2025-10-10,2025-10-10,21:00:00,23:30:00,,"Dance Victoria, 2750 Quadra St, Victoria, BC V8T 4E8, Canada",Dance time! Details at http://www.redhotswing.com/?page_id=22,Red Hot Swing,"swing, balboa, lindy hop, east coast swing",2025-01-09 10:25:26.830779,1.0
https://www.google.com/calendar/event?eid=MDZ0OHFlc3V2ODk3NnY4NnQ0bHNhNHZmdWJfMjAyNTEwMTAgNzljZnAzYXNmN2JvZDlxNGljZ2M0cnR0bm9AZw,other,Live band night - Flying Saucers,Friday,2025-10-10,2025-10-11,,,,"Dance Victoria, 2750 Quadra St, Victoria, BC V8T 4E8, Canada",We're bringing in live music every Friday! Details at http://www.redhotswing.com/?page_id=22,Red Hot Swing,"swing, balboa, lindy hop, east coast swing",2025-01-09 10:25:26.830779,1.0
https://www.google.com/calendar/event?eid=bTZkbThhbjlsaTdtdWRrNzduNWRyY25obWVfMjAyNTEwMThUMDMwMDAwWiA3OWNmcDNhc2Y3Ym9kOXE0aWNnYzRydHRub0Bn,social dance,Intro lesson,Friday,2025-10-17,2025-10-17,20:00:00,21:00:00,,"Dance Victoria, 2750 Quadra St, Victoria, BC V8T 4E8, Canada","If you are brand new to swing dancing, come join us for a drop-in introductory lesson before our Friday night social dance begins!",Red Hot Swing,"swing, balboa, lindy hop, east coast swing",2025-01-09 10:25:26.830779,1.0
https://www.google.com/calendar/event?eid=YmV0N25yMjZhZHM3czhkNmRsdGF1NnI4MDNfMjAyNTEwMThUMDQwMDAwWiA3OWNmcDNhc2Y3Ym9kOXE0aWNnYzRydHRub0Bn,social dance,Friday Social Dance at Dance Victoria,Friday,2025-10-17,2025-10-17,21:00:00,23:30:00,,"Dance Victoria, 2750 Quadra St, Victoria, BC V8T 4E8, Canada",Dance time! Details at http://www.redhotswing.com/?page_id=22,Red Hot Swing,"swing, balboa, lindy hop, east coast swing",2025-01-09 10:25:26.830779,1.0
https://www.google.com/calendar/event?eid=c29kZ2F0NDlybTJocjlnMjhzNTdvM3RvdTNfMjAyNTEwMTcgNzljZnAzYXNmN2JvZDlxNGljZ2M0cnR0bm9AZw,other,Live band night - Lloyd Arntzen,Friday,2025-10-17,2025-10-18,,,,"Dance Victoria, 2750 Quadra St, Victoria, BC V8T 4E8, Canada",We're bringing in live music every Friday! Details at http://www.redhotswing.com/?page_id=22,Red Hot Swing,"swing, balboa, lindy hop, east coast swing",2025-01-09 10:25:26.830779,1.0
https://www.google.com/calendar/event?eid=bTZkbThhbjlsaTdtdWRrNzduNWRyY25obWVfMjAyNTEwMjVUMDMwMDAwWiA3OWNmcDNhc2Y3Ym9kOXE0aWNnYzRydHRub0Bn,social dance,Intro lesson,Friday,2025-10-24,2025-10-24,20:00:00,21:00:00,,"Dance Victoria, 2750 Quadra St, Victoria, BC V8T 4E8, Canada","If you are brand new to swing dancing, come join us for a drop-in introductory lesson before our Friday night social dance begins!",Red Hot Swing,"swing, balboa, lindy hop, east coast swing",2025-01-09 10:25:26.830779,1.0
https://www.google.com/calendar/event?eid=YmV0N25yMjZhZHM3czhkNmRsdGF1NnI4MDNfMjAyNTEwMjVUMDQwMDAwWiA3OWNmcDNhc2Y3Ym9kOXE0aWNnYzRydHRub0Bn,social dance,Friday Social Dance at Dance Victoria,Friday,2025-10-24,2025-10-24,21:00:00,23:30:00,,"Dance Victoria, 2750 Quadra St, Victoria, BC V8T 4E8, Canada",Dance time! Details at http://www.redhotswing.com/?page_id=22,Red Hot Swing,"swing, balboa, lindy hop, east coast swing",2025-01-09 10:25:26.830779,1.0
https://www.google.com/calendar/event?eid=aGllZ2FmaDQ5aHBwamRtb3Y3N3Y0OTVzcDBfMjAyNTEwMjQgNzljZnAzYXNmN2JvZDlxNGljZ2M0cnR0bm9AZw,other,Live band night - Hoppin' Mad,Friday,2025-10-24,2025-10-25,,,,"Dance Victoria, 2750 Quadra St, Victoria, BC V8T 4E8, Canada",We're bringing in live music every Friday! Details at http://www.redhotswing.com/?page_id=22,Red Hot Swing,"swing, balboa, lindy hop, east coast swing",2025-01-09 10:25:26.830779,1.0
https://www.google.com/calendar/event?eid=bTZkbThhbjlsaTdtdWRrNzduNWRyY25obWVfMjAyNTExMDFUMDMwMDAwWiA3OWNmcDNhc2Y3Ym9kOXE0aWNnYzRydHRub0Bn,social dance,Intro lesson,Friday,2025-10-31,2025-10-31,20:00:00,21:00:00,,"Dance Victoria, 2750 Quadra St, Victoria, BC V8T 4E8, Canada","If you are brand new to swing dancing, come join us for a drop-in introductory lesson before our Friday night social dance begins!",Red Hot Swing,"swing, balboa, lindy hop, east coast swing",2025-01-09 10:25:26.830779,1.0
https://www.google.com/calendar/event?eid=YmV0N25yMjZhZHM3czhkNmRsdGF1NnI4MDNfMjAyNTExMDFUMDQwMDAwWiA3OWNmcDNhc2Y3Ym9kOXE0aWNnYzRydHRub0Bn,social dance,Friday Social Dance at Dance Victoria,Friday,2025-10-31,2025-10-31,21:00:00,23:30:00,,"Dance Victoria, 2750 Quadra St, Victoria, BC V8T 4E8, Canada",Dance time! Details at http://www.redhotswing.com/?page_id=22,Red Hot Swing,"swing, balboa, lindy hop, east coast swing",2025-01-09 10:25:26.830779,1.0
https://www.google.com/calendar/event?eid=bTZkbThhbjlsaTdtdWRrNzduNWRyY25obWVfMjAyNTExMDhUMDQwMDAwWiA3OWNmcDNhc2Y3Ym9kOXE0aWNnYzRydHRub0Bn,social dance,Intro lesson,Friday,2025-11-07,2025-11-07,20:00:00,21:00:00,,"Dance Victoria, 2750 Quadra St, Victoria, BC V8T 4E8, Canada","If you are brand new to swing dancing, come join us for a drop-in introductory lesson before our Friday night social dance begins!",Red Hot Swing,"swing, balboa, lindy hop, east coast swing",2025-01-09 10:25:26.830779,1.0
https://www.google.com/calendar/event?eid=YmV0N25yMjZhZHM3czhkNmRsdGF1NnI4MDNfMjAyNTExMDhUMDUwMDAwWiA3OWNmcDNhc2Y3Ym9kOXE0aWNnYzRydHRub0Bn,social dance,Friday Social Dance at Dance Victoria,Friday,2025-11-07,2025-11-07,21:00:00,23:30:00,,"Dance Victoria, 2750 Quadra St, Victoria, BC V8T 4E8, Canada",Dance time! Details at http://www.redhotswing.com/?page_id=22,Red Hot Swing,"swing, balboa, lindy hop, east coast swing",2025-01-09 10:25:26.830779,1.0
https://www.google.com/calendar/event?eid=Z21hMDFuMDY4cDh2dnB0ZW45b3UzcTJhYm5fMjAyNTExMDcgNzljZnAzYXNmN2JvZDlxNGljZ2M0cnR0bm9AZw,other,Live band night - Doug Rhodes,Friday,2025-11-07,2025-11-08,,,,"Dance Victoria, 2750 Quadra St, Victoria, BC V8T 4E8, Canada",We're bringing in live music every Friday! Details at http://www.redhotswing.com/?page_id=22,Red Hot Swing,"swing, balboa, lindy hop, east coast swing",2025-01-09 10:25:26.830779,1.0
https://www.google.com/calendar/event?eid=bTZkbThhbjlsaTdtdWRrNzduNWRyY25obWVfMjAyNTExMTVUMDQwMDAwWiA3OWNmcDNhc2Y3Ym9kOXE0aWNnYzRydHRub0Bn,social dance,Intro lesson,Friday,2025-11-14,2025-11-14,20:00:00,21:00:00,,"Dance Victoria, 2750 Quadra St, Victoria, BC V8T 4E8, Canada","If you are brand new to swing dancing, come join us for a drop-in introductory lesson before our Friday night social dance begins!",Red Hot Swing,"swing, balboa, lindy hop, east coast swing",2025-01-09 10:25:26.830779,1.0
https://www.google.com/calendar/event?eid=YmV0N25yMjZhZHM3czhkNmRsdGF1NnI4MDNfMjAyNTExMTVUMDUwMDAwWiA3OWNmcDNhc2Y3Ym9kOXE0aWNnYzRydHRub0Bn,social dance,Friday Social Dance at Dance Victoria,Friday,2025-11-14,2025-11-14,21:00:00,23:30:00,,"Dance Victoria, 2750 Quadra St, Victoria, BC V8T 4E8, Canada",Dance time! Details at http://www.redhotswing.com/?page_id=22,Red Hot Swing,"swing, balboa, lindy hop, east coast swing",2025-01-09 10:25:26.830779,1.0
https://www.google.com/calendar/event?eid=MDZ0OHFlc3V2ODk3NnY4NnQ0bHNhNHZmdWJfMjAyNTExMTQgNzljZnAzYXNmN2JvZDlxNGljZ2M0cnR0bm9AZw,other,Live band night - Flying Saucers,Friday,2025-11-14,2025-11-15,,,,"Dance Victoria, 2750 Quadra St, Victoria, BC V8T 4E8, Canada",We're bringing in live music every Friday! Details at http://www.redhotswing.com/?page_id=22,Red Hot Swing,"swing, balboa, lindy hop, east coast swing",2025-01-09 10:25:26.830779,1.0
https://www.google.com/calendar/event?eid=bTZkbThhbjlsaTdtdWRrNzduNWRyY25obWVfMjAyNTExMjJUMDQwMDAwWiA3OWNmcDNhc2Y3Ym9kOXE0aWNnYzRydHRub0Bn,social dance,Intro lesson,Friday,2025-11-21,2025-11-21,20:00:00,21:00:00,,"Dance Victoria, 2750 Quadra St, Victoria, BC V8T 4E8, Canada","If you are brand new to swing dancing, come join us for a drop-in introductory lesson before our Friday night social dance begins!",Red Hot Swing,"swing, balboa, lindy hop, east coast swing",2025-01-09 10:25:26.830779,1.0
https://www.google.com/calendar/event?eid=YmV0N25yMjZhZHM3czhkNmRsdGF1NnI4MDNfMjAyNTExMjJUMDUwMDAwWiA3OWNmcDNhc2Y3Ym9kOXE0aWNnYzRydHRub0Bn,social dance,Friday Social Dance at Dance Victoria,Friday,2025-11-21,2025-11-21,21:00:00,23:30:00,,"Dance Victoria, 2750 Quadra St, Victoria, BC V8T 4E8, Canada",Dance time! Details at http://www.redhotswing.com/?page_id=22,Red Hot Swing,"swing, balboa, lindy hop, east coast swing",2025-01-09 10:25:26.830779,1.0
https://www.google.com/calendar/event?eid=c29kZ2F0NDlybTJocjlnMjhzNTdvM3RvdTNfMjAyNTExMjEgNzljZnAzYXNmN2JvZDlxNGljZ2M0cnR0bm9AZw,other,Live band night - Lloyd Arntzen,Friday,2025-11-21,2025-11-22,,,,"Dance Victoria, 2750 Quadra St, Victoria, BC V8T 4E8, Canada",We're bringing in live music every Friday! Details at http://www.redhotswing.com/?page_id=22,Red Hot Swing,"swing, balboa, lindy hop, east coast swing",2025-01-09 10:25:26.830779,1.0
https://www.google.com/calendar/event?eid=bTZkbThhbjlsaTdtdWRrNzduNWRyY25obWVfMjAyNTExMjlUMDQwMDAwWiA3OWNmcDNhc2Y3Ym9kOXE0aWNnYzRydHRub0Bn,social dance,Intro lesson,Friday,2025-11-28,2025-11-28,20:00:00,21:00:00,,"Dance Victoria, 2750 Quadra St, Victoria, BC V8T 4E8, Canada","If you are brand new to swing dancing, come join us for a drop-in introductory lesson before our Friday night social dance begins!",Red Hot Swing,"swing, balboa, lindy hop, east coast swing",2025-01-09 10:25:26.830779,1.0
https://www.google.com/calendar/event?eid=YmV0N25yMjZhZHM3czhkNmRsdGF1NnI4MDNfMjAyNTExMjlUMDUwMDAwWiA3OWNmcDNhc2Y3Ym9kOXE0aWNnYzRydHRub0Bn,social dance,Friday Social Dance at Dance Victoria,Friday,2025-11-28,2025-11-28,21:00:00,23:30:00,,"Dance Victoria, 2750 Quadra St, Victoria, BC V8T 4E8, Canada",Dance time! Details at http://www.redhotswing.com/?page_id=22,Red Hot Swing,"swing, balboa, lindy hop, east coast swing",2025-01-09 10:25:26.830779,1.0
https://www.google.com/calendar/event?eid=aGllZ2FmaDQ5aHBwamRtb3Y3N3Y0OTVzcDBfMjAyNTExMjggNzljZnAzYXNmN2JvZDlxNGljZ2M0cnR0bm9AZw,other,Live band night - Hoppin' Mad,Friday,2025-11-28,2025-11-29,,,,"Dance Victoria, 2750 Quadra St, Victoria, BC V8T 4E8, Canada",We're bringing in live music every Friday! Details at http://www.redhotswing.com/?page_id=22,Red Hot Swing,"swing, balboa, lindy hop, east coast swing",2025-01-09 10:25:26.830779,1.0
https://www.google.com/calendar/event?eid=bTZkbThhbjlsaTdtdWRrNzduNWRyY25obWVfMjAyNTEyMDZUMDQwMDAwWiA3OWNmcDNhc2Y3Ym9kOXE0aWNnYzRydHRub0Bn,social dance,Intro lesson,Friday,2025-12-05,2025-12-05,20:00:00,21:00:00,,"Dance Victoria, 2750 Quadra St, Victoria, BC V8T 4E8, Canada","If you are brand new to swing dancing, come join us for a drop-in introductory lesson before our Friday night social dance begins!",Red Hot Swing,"swing, balboa, lindy hop, east coast swing",2025-01-09 10:25:26.830779,1.0
https://www.google.com/calendar/event?eid=YmV0N25yMjZhZHM3czhkNmRsdGF1NnI4MDNfMjAyNTEyMDZUMDUwMDAwWiA3OWNmcDNhc2Y3Ym9kOXE0aWNnYzRydHRub0Bn,social dance,Friday Social Dance at Dance Victoria,Friday,2025-12-05,2025-12-05,21:00:00,23:30:00,,"Dance Victoria, 2750 Quadra St, Victoria, BC V8T 4E8, Canada",Dance time! Details at http://www.redhotswing.com/?page_id=22,Red Hot Swing,"swing, balboa, lindy hop, east coast swing",2025-01-09 10:25:26.830779,1.0
https://www.google.com/calendar/event?eid=Z21hMDFuMDY4cDh2dnB0ZW45b3UzcTJhYm5fMjAyNTEyMDUgNzljZnAzYXNmN2JvZDlxNGljZ2M0cnR0bm9AZw,other,Live band night - Doug Rhodes,Friday,2025-12-05,2025-12-06,,,,"Dance Victoria, 2750 Quadra St, Victoria, BC V8T 4E8, Canada",We're bringing in live music every Friday! Details at http://www.redhotswing.com/?page_id=22,Red Hot Swing,"swing, balboa, lindy hop, east coast swing",2025-01-09 10:25:26.830779,1.0
https://www.google.com/calendar/event?eid=bTZkbThhbjlsaTdtdWRrNzduNWRyY25obWVfMjAyNTEyMTNUMDQwMDAwWiA3OWNmcDNhc2Y3Ym9kOXE0aWNnYzRydHRub0Bn,social dance,Intro lesson,Friday,2025-12-12,2025-12-12,20:00:00,21:00:00,,"Dance Victoria, 2750 Quadra St, Victoria, BC V8T 4E8, Canada","If you are brand new to swing dancing, come join us for a drop-in introductory lesson before our Friday night social dance begins!",Red Hot Swing,"swing, balboa, lindy hop, east coast swing",2025-01-09 10:25:26.830779,1.0
https://www.google.com/calendar/event?eid=YmV0N25yMjZhZHM3czhkNmRsdGF1NnI4MDNfMjAyNTEyMTNUMDUwMDAwWiA3OWNmcDNhc2Y3Ym9kOXE0aWNnYzRydHRub0Bn,social dance,Friday Social Dance at Dance Victoria,Friday,2025-12-12,2025-12-12,21:00:00,23:30:00,,"Dance Victoria, 2750 Quadra St, Victoria, BC V8T 4E8, Canada",Dance time! Details at http://www.redhotswing.com/?page_id=22,Red Hot Swing,"swing, balboa, lindy hop, east coast swing",2025-01-09 10:25:26.830779,1.0
https://www.google.com/calendar/event?eid=MDZ0OHFlc3V2ODk3NnY4NnQ0bHNhNHZmdWJfMjAyNTEyMTIgNzljZnAzYXNmN2JvZDlxNGljZ2M0cnR0bm9AZw,other,Live band night - Flying Saucers,Friday,2025-12-12,2025-12-13,,,,"Dance Victoria, 2750 Quadra St, Victoria, BC V8T 4E8, Canada",We're bringing in live music every Friday! Details at http://www.redhotswing.com/?page_id=22,Red Hot Swing,"swing, balboa, lindy hop, east coast swing",2025-01-09 10:25:26.830779,1.0
https://www.google.com/calendar/event?eid=bTZkbThhbjlsaTdtdWRrNzduNWRyY25obWVfMjAyNTEyMjBUMDQwMDAwWiA3OWNmcDNhc2Y3Ym9kOXE0aWNnYzRydHRub0Bn,social dance,Intro lesson,Friday,2025-12-19,2025-12-19,20:00:00,21:00:00,,"Dance Victoria, 2750 Quadra St, Victoria, BC V8T 4E8, Canada","If you are brand new to swing dancing, come join us for a drop-in introductory lesson before our Friday night social dance begins!",Red Hot Swing,"swing, balboa, lindy hop, east coast swing",2025-01-09 10:25:26.830779,1.0
https://www.google.com/calendar/event?eid=YmV0N25yMjZhZHM3czhkNmRsdGF1NnI4MDNfMjAyNTEyMjBUMDUwMDAwWiA3OWNmcDNhc2Y3Ym9kOXE0aWNnYzRydHRub0Bn,social dance,Friday Social Dance at Dance Victoria,Friday,2025-12-19,2025-12-19,21:00:00,23:30:00,,"Dance Victoria, 2750 Quadra St, Victoria, BC V8T 4E8, Canada",Dance time! Details at http://www.redhotswing.com/?page_id=22,Red Hot Swing,"swing, balboa, lindy hop, east coast swing",2025-01-09 10:25:26.830779,1.0
https://www.google.com/calendar/event?eid=c29kZ2F0NDlybTJocjlnMjhzNTdvM3RvdTNfMjAyNTEyMTkgNzljZnAzYXNmN2JvZDlxNGljZ2M0cnR0bm9AZw,other,Live band night - Lloyd Arntzen,Friday,2025-12-19,2025-12-20,,,,"Dance Victoria, 2750 Quadra St, Victoria, BC V8T 4E8, Canada",We're bringing in live music every Friday! Details at http://www.redhotswing.com/?page_id=22,Red Hot Swing,"swing, balboa, lindy hop, east coast swing",2025-01-09 10:25:26.830779,1.0
https://www.google.com/calendar/event?eid=bTZkbThhbjlsaTdtdWRrNzduNWRyY25obWVfMjAyNTEyMjdUMDQwMDAwWiA3OWNmcDNhc2Y3Ym9kOXE0aWNnYzRydHRub0Bn,social dance,Intro lesson,Friday,2025-12-26,2025-12-26,20:00:00,21:00:00,,"Dance Victoria, 2750 Quadra St, Victoria, BC V8T 4E8, Canada","If you are brand new to swing dancing, come join us for a drop-in introductory lesson before our Friday night social dance begins!",Red Hot Swing,"swing, balboa, lindy hop, east coast swing",2025-01-09 10:25:26.830779,1.0
https://www.google.com/calendar/event?eid=YmV0N25yMjZhZHM3czhkNmRsdGF1NnI4MDNfMjAyNTEyMjdUMDUwMDAwWiA3OWNmcDNhc2Y3Ym9kOXE0aWNnYzRydHRub0Bn,social dance,Friday Social Dance at Dance Victoria,Friday,2025-12-26,2025-12-26,21:00:00,23:30:00,,"Dance Victoria, 2750 Quadra St, Victoria, BC V8T 4E8, Canada",Dance time! Details at http://www.redhotswing.com/?page_id=22,Red Hot Swing,"swing, balboa, lindy hop, east coast swing",2025-01-09 10:25:26.830779,1.0
https://www.google.com/calendar/event?eid=aGllZ2FmaDQ5aHBwamRtb3Y3N3Y0OTVzcDBfMjAyNTEyMjYgNzljZnAzYXNmN2JvZDlxNGljZ2M0cnR0bm9AZw,other,Live band night - Hoppin' Mad,Friday,2025-12-26,2025-12-27,,,,"Dance Victoria, 2750 Quadra St, Victoria, BC V8T 4E8, Canada",We're bringing in live music every Friday! Details at http://www.redhotswing.com/?page_id=22,Red Hot Swing,"swing, balboa, lindy hop, east coast swing",2025-01-09 10:25:26.830779,1.0
https://www.google.com/calendar/event?eid=bTZkbThhbjlsaTdtdWRrNzduNWRyY25obWVfMjAyNjAxMDNUMDQwMDAwWiA3OWNmcDNhc2Y3Ym9kOXE0aWNnYzRydHRub0Bn,social dance,Intro lesson,Friday,2026-01-02,2026-01-02,20:00:00,21:00:00,,"Dance Victoria, 2750 Quadra St, Victoria, BC V8T 4E8, Canada","If you are brand new to swing dancing, come join us for a drop-in introductory lesson before our Friday night social dance begins!",Red Hot Swing,"swing, balboa, lindy hop, east coast swing",2025-01-09 10:25:26.830779,1.0
https://www.google.com/calendar/event?eid=YmV0N25yMjZhZHM3czhkNmRsdGF1NnI4MDNfMjAyNjAxMDNUMDUwMDAwWiA3OWNmcDNhc2Y3Ym9kOXE0aWNnYzRydHRub0Bn,social dance,Friday Social Dance at Dance Victoria,Friday,2026-01-02,2026-01-02,21:00:00,23:30:00,,"Dance Victoria, 2750 Quadra St, Victoria, BC V8T 4E8, Canada",Dance time! Details at http://www.redhotswing.com/?page_id=22,Red Hot Swing,"swing, balboa, lindy hop, east coast swing",2025-01-09 10:25:26.830779,1.0
https://www.google.com/calendar/event?eid=Z21hMDFuMDY4cDh2dnB0ZW45b3UzcTJhYm5fMjAyNjAxMDIgNzljZnAzYXNmN2JvZDlxNGljZ2M0cnR0bm9AZw,other,Live band night - Doug Rhodes,Friday,2026-01-02,2026-01-03,,,,"Dance Victoria, 2750 Quadra St, Victoria, BC V8T 4E8, Canada",We're bringing in live music every Friday! Details at http://www.redhotswing.com/?page_id=22,Red Hot Swing,"swing, balboa, lindy hop, east coast swing",2025-01-09 10:25:26.830779,1.0
https://www.google.com/calendar/event?eid=MDZ0OHFlc3V2ODk3NnY4NnQ0bHNhNHZmdWJfMjAyNjAxMDkgNzljZnAzYXNmN2JvZDlxNGljZ2M0cnR0bm9AZw,other,Live band night - Flying Saucers,Friday,2026-01-09,2026-01-10,,,,"Dance Victoria, 2750 Quadra St, Victoria, BC V8T 4E8, Canada",We're bringing in live music every Friday! Details at http://www.redhotswing.com/?page_id=22,Red Hot Swing,"swing, balboa, lindy hop, east coast swing",2025-01-09 10:25:26.830779,1.0
