event_id,event_name,dance_style,description,day_of_week,start_date,end_date,start_time,end_time,source,location,price,url,event_type,address_id,start_datetime,text,cluster,score,is_canonical,cluster_id,score_correct
1646,Pulse Radio,live music,Live music performance by Pulse Radio.,Wednesday,2025-07-09,2025-07-09,21:00:00,00:30:00,Bard & Banker Pub Instagram,"Bard & Banker Pub, 1022 Government Street, Victoria, British Columbia V8W 1X7",,https://www.instagram.com/bardandbanker/?hl=en,live music,60.0,2025-07-09 21:00:00,"Pulse Radio | live music | Live music performance by Pulse Radio. | Wednesday | 2025-07-09 | 2025-07-09 | 21:00:00 | 00:30:00 | Bard & Banker Pub Instagram | Bard & Banker Pub, 1022 Government Street, Victoria, British Columbia V8W 1X7 |  | https://www.instagram.com/bardandbanker/?hl=en | live music",0,4.88,True,0,
251,Courtney Standing,,,Wednesday,2025-07-09,2025-07-09,20:30:00,,Bard and Banker,"1022 Government St. Victoria, BC V8W 1Y3",,https://www.bardandbanker.com/live-music,live music,60.0,2025-07-09 20:30:00,"Courtney Standing |  |  | Wednesday | 2025-07-09 | 2025-07-09 | 20:30:00 |  | Bard and Banker | 1022 Government St. Victoria, BC V8W 1Y3 |  | https://www.bardandbanker.com/live-music | live music",0,3.0,False,0,
553,Intro lesson,"dance, swing","If you are brand new to swing dancing, come join us for a drop-in introductory lesson before our Friday night social dance begins!",Friday,2025-07-11,2025-07-11,20:00:00,21:00:00,Red Hot Swing,"Dance Victoria, 2750 Quadra St, Victoria, BC V8T 4E8, Canada",,https://www.google.com/calendar/event?eid=bTZkbThhbjlsaTdtdWRrNzduNWRyY25obWVfMjAyNTA3MTJUMDMwMDAwWiA3OWNmcDNhc2Y3Ym9kOXE0aWNnYzRydHRub0Bn,social dance,2628.0,2025-07-11 20:00:00,"Intro lesson | dance, swing | If you are brand new to swing dancing, come join us for a drop-in introductory lesson before our Friday night social dance begins! | Friday | 2025-07-11 | 2025-07-11 | 20:00:00 | 21:00:00 | Red Hot Swing | Dance Victoria, 2750 Quadra St, Victoria, BC V8T 4E8, Canada |  | https://www.google.com/calendar/event?eid=bTZkbThhbjlsaTdtdWRrNzduNWRyY25obWVfMjAyNTA3MTJUMDMwMDAwWiA3OWNmcDNhc2Y3Ym9kOXE0aWNnYzRydHRub0Bn | social dance",0,5.8,True,1,
1552,Weekly Friday Social Dances,"dance, live music, swing",Weekly swing social dance with drop-in beginner lesson at 8:00pm followed by live music social dancing until 11:30pm,Friday,2025-07-11,2025-07-11,19:45:00,23:30:00,Red Hot Swing,"Dance Victoria (2750 Quadra St, Victoria, BC V8T 4E8)",$18 general or $15 student,https://www.redhotswing.com/?page_id=22,social dance,2628.0,2025-07-11 19:45:00,"Weekly Friday Social Dances | dance, live music, swing | Weekly swing social dance with drop-in beginner lesson at 8:00pm followed by live music social dancing until 11:30pm | Friday | 2025-07-11 | 2025-07-11 | 19:45:00 | 23:30:00 | Red Hot Swing | Dance Victoria (2750 Quadra St, Victoria, BC V8T 4E8) | $18 general or $15 student | https://www.redhotswing.com/?page_id=22 | social dance",0,5.66,False,1,
1583,Caliente Salsa Saturdays,"bachata, dance, merengue, salsa","Join us for this recurring weekly social dance: doors open at 8:15 pm, 8:30 pm beginner salsa lesson by Christina Morrison, then dancing 9:00 pm–midnight to salsa, bachata & merengue. Ages 16+ welcome; $15 cash only at the door; limited capacity.",Saturday,2025-07-12,2025-07-12,20:15:00,00:00:00,Facebook,"725 Yates ST, VICTORIA, BC, V8W1L6, CA",$15.00,https://www.eventbrite.com/e/caliente-salsa-saturdays-tickets-1415724884239,social dance,65.0,2025-07-12 20:15:00,"Caliente Salsa Saturdays | bachata, dance, merengue, salsa | Join us for this recurring weekly social dance: doors open at 8:15 pm, 8:30 pm beginner salsa lesson by Christina Morrison, then dancing 9:00 pm–midnight to salsa, bachata & merengue. Ages 16+ welcome; $15 cash only at the door; limited capacity. | Saturday | 2025-07-12 | 2025-07-12 | 20:15:00 | 00:00:00 | Facebook | 725 Yates ST, VICTORIA, BC, V8W1L6, CA | $15.00 | https://www.eventbrite.com/e/caliente-salsa-saturdays-tickets-1415724884239 | social dance",0,6.96,True,2,
1152,Salsa Caliente social dance,"dance, salsa",http://calientedance.com/events/,Saturday,2025-07-12,2025-07-12,20:30:00,23:45:00,Victoria Latin Dance Association,"725 Yates ST, VICTORIA, BC, V8W1L6, CA",,https://www.google.com/calendar/event?eid=Xzg5MTRjZ2E2NmNwajJiYTQ2Y29qMGI5azhsMzNhYmEyNjkxajRiOW84Z28zNGU5bzhrcjM0aDFvOGtfMjAyNTA3MTNUMDMzMDAwWiAxN2RlMmNhNDNmNTI1Yzg3MDU4ZmZhZmUxZjAyMDZkYTgyYTE5ZDAwYTg1YTZhZTk3OWFkNmJiNjE4ZGNkOGFlQGc,social dance,65.0,2025-07-12 20:30:00,"Salsa Caliente social dance | dance, salsa | http://calientedance.com/events/ | Saturday | 2025-07-12 | 2025-07-12 | 20:30:00 | 23:45:00 | Victoria Latin Dance Association | 725 Yates ST, VICTORIA, BC, V8W1L6, CA |  | https://www.google.com/calendar/event?eid=Xzg5MTRjZ2E2NmNwajJiYTQ2Y29qMGI5azhsMzNhYmEyNjkxajRiOW84Z28zNGU5bzhrcjM0aDFvOGtfMjAyNTA3MTNUMDMzMDAwWiAxN2RlMmNhNDNmNTI1Yzg3MDU4ZmZhZmUxZjAyMDZkYTgyYTE5ZDAwYTg1YTZhZTk3OWFkNmJiNjE4ZGNkOGFlQGc | social dance",0,4.82,False,2,
1644,Music in the Park,swing,Free Summer concert series featuring Shenanigans (classic rock).,Tuesday,2025-07-15,2025-07-15,18:00:00,20:00:00,District of Saanich,"Majestic Park, 4380 Majestic Dr.",,https://www.saanich.ca/assets/Parks~Recreation~and~Community~Services/Images/Recreation/Community~Services/2025_MusicInthePark-Poster.jpg,live music,12647.0,2025-07-15 18:00:00,"Music in the Park | swing | Free Summer concert series featuring Shenanigans (classic rock). | Tuesday | 2025-07-15 | 2025-07-15 | 18:00:00 | 20:00:00 | District of Saanich | Majestic Park, 4380 Majestic Dr. |  | https://www.saanich.ca/assets/Parks~Recreation~and~Community~Services/Images/Recreation/Community~Services/2025_MusicInthePark-Poster.jpg | live music",0,5.14,True,3,
1965,Saanich Music in the Park Band TBC,"lindy, swing, wcs",Shenanigans,Tuesday,2025-07-15,2025-07-15,18:00:00,,Victoria Summer Music,"Majestic Park, 4380 Majestic Dr, Victoria, BC V8N 2M2",Free,https://b61b97e2-612d-44ed-9740-8151c13f6a0a.filesusr.com/ugd/1dab27_82adb3d8d7534a6eb70b0c13c2827726.pdf,live music,12647.0,2025-07-15 18:00:00,"Saanich Music in the Park Band TBC | lindy, swing, wcs | Shenanigans | Tuesday | 2025-07-15 | 2025-07-15 | 18:00:00 |  | Victoria Summer Music | Majestic Park, 4380 Majestic Dr, Victoria, BC V8N 2M2 | Free | https://b61b97e2-612d-44ed-9740-8151c13f6a0a.filesusr.com/ugd/1dab27_82adb3d8d7534a6eb70b0c13c2827726.pdf | live music",0,4.61,False,3,
1155,Miguelito Valdes Trio,"dance, live music, salsa","Live music and dancing at the Bard and Banker on Government St with Miguelito's band. Mostly salsa, a little bit of cha-cha. Double check the Bard website for details and event status.",Tuesday,2025-07-15,2025-07-15,20:30:00,23:30:00,Victoria Latin Dance Association,"Bard & Banker, 1022 Government St, Victoria, BC V8W 1X7, Canada",,https://www.google.com/calendar/event?eid=Xzg4b2o4ZWEyOGtyMzBiOXA4OHFqY2I5azg0cDRjYmEyNmgyMzhiYTY3MTMzZWU5aTZzcGowY2hoNjRfMjAyNTA3MTZUMDMzMDAwWiAxN2RlMmNhNDNmNTI1Yzg3MDU4ZmZhZmUxZjAyMDZkYTgyYTE5ZDAwYTg1YTZhZTk3OWFkNmJiNjE4ZGNkOGFlQGc,social dance,60.0,2025-07-15 20:30:00,"Miguelito Valdes Trio | dance, live music, salsa | Live music and dancing at the Bard and Banker on Government St with Miguelito's band. Mostly salsa, a little bit of cha-cha. Double check the Bard website for details and event status. | Tuesday | 2025-07-15 | 2025-07-15 | 20:30:00 | 23:30:00 | Victoria Latin Dance Association | Bard & Banker, 1022 Government St, Victoria, BC V8W 1X7, Canada |  | https://www.google.com/calendar/event?eid=Xzg4b2o4ZWEyOGtyMzBiOXA4OHFqY2I5azg0cDRjYmEyNmgyMzhiYTY3MTMzZWU5aTZzcGowY2hoNjRfMjAyNTA3MTZUMDMzMDAwWiAxN2RlMmNhNDNmNTI1Yzg3MDU4ZmZhZmUxZjAyMDZkYTgyYTE5ZDAwYTg1YTZhZTk3OWFkNmJiNjE4ZGNkOGFlQGc | social dance",0,6.34,True,4,
257,Miguelito Valdés+band,"bachata, cha cha, cumbia, merengue, salsa",,Tuesday,2025-07-15,2025-07-15,20:30:00,,Bard and Banker,"1022 Government St. Victoria, BC V8W 1Y3",,https://www.bardandbanker.com/live-music,live music,60.0,2025-07-15 20:30:00,"Miguelito Valdés+band | bachata, cha cha, cumbia, merengue, salsa |  | Tuesday | 2025-07-15 | 2025-07-15 | 20:30:00 |  | Bard and Banker | 1022 Government St. Victoria, BC V8W 1Y3 |  | https://www.bardandbanker.com/live-music | live music",0,3.5,False,4,
1160,Red Hot Swing w live band,"dance, live music, swing","Swing dancing with live music every Friday at Dance Victoria with Red Hot Swing. Intro class from 8-8:45 followed by social dancing to live music until 11:30. $18 entry, $15 for students https://www.redhotswing.com/",Friday,2025-07-18,2025-07-18,20:00:00,23:30:00,Victoria Latin Dance Association,"Dance Victoria, 2750 Quadra St, Victoria, BC V8T 4E8, Canada",18.0,https://www.google.com/calendar/event?eid=b2djYmR0cjlidDk3M2lwcTVzNTBmZm90bmxfMjAyNTA3MTlUMDMwMDAwWiAxN2RlMmNhNDNmNTI1Yzg3MDU4ZmZhZmUxZjAyMDZkYTgyYTE5ZDAwYTg1YTZhZTk3OWFkNmJiNjE4ZGNkOGFlQGc,"class, social dance",2628.0,2025-07-18 20:00:00,"Red Hot Swing w live band | dance, live music, swing | Swing dancing with live music every Friday at Dance Victoria with Red Hot Swing. Intro class from 8-8:45 followed by social dancing to live music until 11:30. $18 entry, $15 for students https://www.redhotswing.com/ | Friday | 2025-07-18 | 2025-07-18 | 20:00:00 | 23:30:00 | Victoria Latin Dance Association | Dance Victoria, 2750 Quadra St, Victoria, BC V8T 4E8, Canada | 18.0 | https://www.google.com/calendar/event?eid=b2djYmR0cjlidDk3M2lwcTVzNTBmZm90bmxfMjAyNTA3MTlUMDMwMDAwWiAxN2RlMmNhNDNmNTI1Yzg3MDU4ZmZhZmUxZjAyMDZkYTgyYTE5ZDAwYTg1YTZhZTk3OWFkNmJiNjE4ZGNkOGFlQGc | class, social dance",0,6.65,True,5,
562,Intro lesson,"dance, swing","If you are brand new to swing dancing, come join us for a drop-in introductory lesson before our Friday night social dance begins!",Friday,2025-07-18,2025-07-18,20:00:00,21:00:00,Red Hot Swing,"Dance Victoria, 2750 Quadra St, Victoria, BC V8T 4E8, Canada",,https://www.google.com/calendar/event?eid=bTZkbThhbjlsaTdtdWRrNzduNWRyY25obWVfMjAyNTA3MTlUMDMwMDAwWiA3OWNmcDNhc2Y3Ym9kOXE0aWNnYzRydHRub0Bn,social dance,2628.0,2025-07-18 20:00:00,"Intro lesson | dance, swing | If you are brand new to swing dancing, come join us for a drop-in introductory lesson before our Friday night social dance begins! | Friday | 2025-07-18 | 2025-07-18 | 20:00:00 | 21:00:00 | Red Hot Swing | Dance Victoria, 2750 Quadra St, Victoria, BC V8T 4E8, Canada |  | https://www.google.com/calendar/event?eid=bTZkbThhbjlsaTdtdWRrNzduNWRyY25obWVfMjAyNTA3MTlUMDMwMDAwWiA3OWNmcDNhc2Y3Ym9kOXE0aWNnYzRydHRub0Bn | social dance",0,5.8,False,5,
1642,Music in the Park,dance,Free Summer concert series featuring Shaky Ground (danceable hits).,Tuesday,2025-07-22,2025-07-22,18:00:00,20:00:00,District of Saanich,"Beckwith Park, 857 Beckwith Ave.",,https://www.saanich.ca/assets/Parks~Recreation~and~Community~Services/Images/Recreation/Community~Services/2025_MusicInthePark-Poster.jpg,live music,12625.0,2025-07-22 18:00:00,"Music in the Park | dance | Free Summer concert series featuring Shaky Ground (danceable hits). | Tuesday | 2025-07-22 | 2025-07-22 | 18:00:00 | 20:00:00 | District of Saanich | Beckwith Park, 857 Beckwith Ave. |  | https://www.saanich.ca/assets/Parks~Recreation~and~Community~Services/Images/Recreation/Community~Services/2025_MusicInthePark-Poster.jpg | live music",0,5.17,True,6,
1962,Saanich Music in the Park Band TBC,"lindy, swing, wcs",Shaky Ground,Tuesday,2025-07-22,2025-07-22,18:00:00,,Victoria Summer Music,"Beckwith Park, 857 Beckwith Ave, Victoria, BC V8X 3S3",Free,https://b61b97e2-612d-44ed-9740-8151c13f6a0a.filesusr.com/ugd/1dab27_82adb3d8d7534a6eb70b0c13c2827726.pdf,live music,12625.0,2025-07-22 18:00:00,"Saanich Music in the Park Band TBC | lindy, swing, wcs | Shaky Ground | Tuesday | 2025-07-22 | 2025-07-22 | 18:00:00 |  | Victoria Summer Music | Beckwith Park, 857 Beckwith Ave, Victoria, BC V8X 3S3 | Free | https://b61b97e2-612d-44ed-9740-8151c13f6a0a.filesusr.com/ugd/1dab27_82adb3d8d7534a6eb70b0c13c2827726.pdf | live music",0,4.62,False,6,
1164,Miguelito Valdes Trio,"dance, live music, salsa","Live music and dancing at the Bard and Banker on Government St with Miguelito's band. Mostly salsa, a little bit of cha-cha. Double check the Bard website for details and event status.",Tuesday,2025-07-22,2025-07-22,20:30:00,23:30:00,Victoria Latin Dance Association,"Bard & Banker, 1022 Government St, Victoria, BC V8W 1X7, Canada",,https://www.google.com/calendar/event?eid=Xzg4b2o4ZWEyOGtyMzBiOXA4OHFqY2I5azg0cDRjYmEyNmgyMzhiYTY3MTMzZWU5aTZzcGowY2hoNjRfMjAyNTA3MjNUMDMzMDAwWiAxN2RlMmNhNDNmNTI1Yzg3MDU4ZmZhZmUxZjAyMDZkYTgyYTE5ZDAwYTg1YTZhZTk3OWFkNmJiNjE4ZGNkOGFlQGc,social dance,60.0,2025-07-22 20:30:00,"Miguelito Valdes Trio | dance, live music, salsa | Live music and dancing at the Bard and Banker on Government St with Miguelito's band. Mostly salsa, a little bit of cha-cha. Double check the Bard website for details and event status. | Tuesday | 2025-07-22 | 2025-07-22 | 20:30:00 | 23:30:00 | Victoria Latin Dance Association | Bard & Banker, 1022 Government St, Victoria, BC V8W 1X7, Canada |  | https://www.google.com/calendar/event?eid=Xzg4b2o4ZWEyOGtyMzBiOXA4OHFqY2I5azg0cDRjYmEyNmgyMzhiYTY3MTMzZWU5aTZzcGowY2hoNjRfMjAyNTA3MjNUMDMzMDAwWiAxN2RlMmNhNDNmNTI1Yzg3MDU4ZmZhZmUxZjAyMDZkYTgyYTE5ZDAwYTg1YTZhZTk3OWFkNmJiNjE4ZGNkOGFlQGc | social dance",0,6.34,True,7,
264,Miguelito Valdés+band,"bachata, cha cha, cumbia, merengue, salsa",,Tuesday,2025-07-22,2025-07-22,20:30:00,,Bard and Banker,"1022 Government St. Victoria, BC V8W 1Y3",,https://www.bardandbanker.com/live-music,live music,60.0,2025-07-22 20:30:00,"Miguelito Valdés+band | bachata, cha cha, cumbia, merengue, salsa |  | Tuesday | 2025-07-22 | 2025-07-22 | 20:30:00 |  | Bard and Banker | 1022 Government St. Victoria, BC V8W 1Y3 |  | https://www.bardandbanker.com/live-music | live music",0,3.5,False,7,
1168,Red Hot Swing w live band,"dance, live music, swing","Swing dancing with live music every Friday at Dance Victoria with Red Hot Swing. Intro class from 8-8:45 followed by social dancing to live music until 11:30. $18 entry, $15 for students https://www.redhotswing.com/",Friday,2025-07-25,2025-07-25,20:00:00,23:30:00,Victoria Latin Dance Association,"Dance Victoria, 2750 Quadra St, Victoria, BC V8T 4E8, Canada",18.0,https://www.google.com/calendar/event?eid=b2djYmR0cjlidDk3M2lwcTVzNTBmZm90bmxfMjAyNTA3MjZUMDMwMDAwWiAxN2RlMmNhNDNmNTI1Yzg3MDU4ZmZhZmUxZjAyMDZkYTgyYTE5ZDAwYTg1YTZhZTk3OWFkNmJiNjE4ZGNkOGFlQGc,"class, social dance",2628.0,2025-07-25 20:00:00,"Red Hot Swing w live band | dance, live music, swing | Swing dancing with live music every Friday at Dance Victoria with Red Hot Swing. Intro class from 8-8:45 followed by social dancing to live music until 11:30. $18 entry, $15 for students https://www.redhotswing.com/ | Friday | 2025-07-25 | 2025-07-25 | 20:00:00 | 23:30:00 | Victoria Latin Dance Association | Dance Victoria, 2750 Quadra St, Victoria, BC V8T 4E8, Canada | 18.0 | https://www.google.com/calendar/event?eid=b2djYmR0cjlidDk3M2lwcTVzNTBmZm90bmxfMjAyNTA3MjZUMDMwMDAwWiAxN2RlMmNhNDNmNTI1Yzg3MDU4ZmZhZmUxZjAyMDZkYTgyYTE5ZDAwYTg1YTZhZTk3OWFkNmJiNjE4ZGNkOGFlQGc | class, social dance",0,6.65,True,8,
572,Intro lesson,"dance, swing","If you are brand new to swing dancing, come join us for a drop-in introductory lesson before our Friday night social dance begins!",Friday,2025-07-25,2025-07-25,20:00:00,21:00:00,Red Hot Swing,"Dance Victoria, 2750 Quadra St, Victoria, BC V8T 4E8, Canada",,https://www.google.com/calendar/event?eid=bTZkbThhbjlsaTdtdWRrNzduNWRyY25obWVfMjAyNTA3MjZUMDMwMDAwWiA3OWNmcDNhc2Y3Ym9kOXE0aWNnYzRydHRub0Bn,social dance,2628.0,2025-07-25 20:00:00,"Intro lesson | dance, swing | If you are brand new to swing dancing, come join us for a drop-in introductory lesson before our Friday night social dance begins! | Friday | 2025-07-25 | 2025-07-25 | 20:00:00 | 21:00:00 | Red Hot Swing | Dance Victoria, 2750 Quadra St, Victoria, BC V8T 4E8, Canada |  | https://www.google.com/calendar/event?eid=bTZkbThhbjlsaTdtdWRrNzduNWRyY25obWVfMjAyNTA3MjZUMDMwMDAwWiA3OWNmcDNhc2Y3Ym9kOXE0aWNnYzRydHRub0Bn | social dance",0,5.8,False,8,
1171,Miguelito Valdes Trio,"dance, live music, salsa","Live music and dancing at the Bard and Banker on Government St with Miguelito's band. Mostly salsa, a little bit of cha-cha. Double check the Bard website for details and event status.",Tuesday,2025-07-29,2025-07-29,20:30:00,23:30:00,Victoria Latin Dance Association,"Bard & Banker, 1022 Government St, Victoria, BC V8W 1X7, Canada",,https://www.google.com/calendar/event?eid=Xzg4b2o4ZWEyOGtyMzBiOXA4OHFqY2I5azg0cDRjYmEyNmgyMzhiYTY3MTMzZWU5aTZzcGowY2hoNjRfMjAyNTA3MzBUMDMzMDAwWiAxN2RlMmNhNDNmNTI1Yzg3MDU4ZmZhZmUxZjAyMDZkYTgyYTE5ZDAwYTg1YTZhZTk3OWFkNmJiNjE4ZGNkOGFlQGc,social dance,60.0,2025-07-29 20:30:00,"Miguelito Valdes Trio | dance, live music, salsa | Live music and dancing at the Bard and Banker on Government St with Miguelito's band. Mostly salsa, a little bit of cha-cha. Double check the Bard website for details and event status. | Tuesday | 2025-07-29 | 2025-07-29 | 20:30:00 | 23:30:00 | Victoria Latin Dance Association | Bard & Banker, 1022 Government St, Victoria, BC V8W 1X7, Canada |  | https://www.google.com/calendar/event?eid=Xzg4b2o4ZWEyOGtyMzBiOXA4OHFqY2I5azg0cDRjYmEyNmgyMzhiYTY3MTMzZWU5aTZzcGowY2hoNjRfMjAyNTA3MzBUMDMzMDAwWiAxN2RlMmNhNDNmNTI1Yzg3MDU4ZmZhZmUxZjAyMDZkYTgyYTE5ZDAwYTg1YTZhZTk3OWFkNmJiNjE4ZGNkOGFlQGc | social dance",0,6.34,True,9,
271,Miguelito Valdés+band,"bachata, cha cha, cumbia, merengue, salsa",,Tuesday,2025-07-29,2025-07-29,20:30:00,,Bard and Banker,"1022 Government St. Victoria, BC V8W 1Y3",,https://www.bardandbanker.com/live-music,live music,60.0,2025-07-29 20:30:00,"Miguelito Valdés+band | bachata, cha cha, cumbia, merengue, salsa |  | Tuesday | 2025-07-29 | 2025-07-29 | 20:30:00 |  | Bard and Banker | 1022 Government St. Victoria, BC V8W 1Y3 |  | https://www.bardandbanker.com/live-music | live music",0,3.5,False,9,
1174,Red Hot Swing w live band,"dance, live music, swing","Swing dancing with live music every Friday at Dance Victoria with Red Hot Swing. Intro class from 8-8:45 followed by social dancing to live music until 11:30. $18 entry, $15 for students https://www.redhotswing.com/",Friday,2025-08-01,2025-08-01,20:00:00,23:30:00,Victoria Latin Dance Association,"Dance Victoria, 2750 Quadra St, Victoria, BC V8T 4E8, Canada",18.0,https://www.google.com/calendar/event?eid=b2djYmR0cjlidDk3M2lwcTVzNTBmZm90bmxfMjAyNTA4MDJUMDMwMDAwWiAxN2RlMmNhNDNmNTI1Yzg3MDU4ZmZhZmUxZjAyMDZkYTgyYTE5ZDAwYTg1YTZhZTk3OWFkNmJiNjE4ZGNkOGFlQGc,"class, social dance",2628.0,2025-08-01 20:00:00,"Red Hot Swing w live band | dance, live music, swing | Swing dancing with live music every Friday at Dance Victoria with Red Hot Swing. Intro class from 8-8:45 followed by social dancing to live music until 11:30. $18 entry, $15 for students https://www.redhotswing.com/ | Friday | 2025-08-01 | 2025-08-01 | 20:00:00 | 23:30:00 | Victoria Latin Dance Association | Dance Victoria, 2750 Quadra St, Victoria, BC V8T 4E8, Canada | 18.0 | https://www.google.com/calendar/event?eid=b2djYmR0cjlidDk3M2lwcTVzNTBmZm90bmxfMjAyNTA4MDJUMDMwMDAwWiAxN2RlMmNhNDNmNTI1Yzg3MDU4ZmZhZmUxZjAyMDZkYTgyYTE5ZDAwYTg1YTZhZTk3OWFkNmJiNjE4ZGNkOGFlQGc | class, social dance",0,6.65,True,10,
581,Intro lesson,"dance, swing","If you are brand new to swing dancing, come join us for a drop-in introductory lesson before our Friday night social dance begins!",Friday,2025-08-01,2025-08-01,20:00:00,21:00:00,Red Hot Swing,"Dance Victoria, 2750 Quadra St, Victoria, BC V8T 4E8, Canada",,https://www.google.com/calendar/event?eid=bTZkbThhbjlsaTdtdWRrNzduNWRyY25obWVfMjAyNTA4MDJUMDMwMDAwWiA3OWNmcDNhc2Y3Ym9kOXE0aWNnYzRydHRub0Bn,social dance,2628.0,2025-08-01 20:00:00,"Intro lesson | dance, swing | If you are brand new to swing dancing, come join us for a drop-in introductory lesson before our Friday night social dance begins! | Friday | 2025-08-01 | 2025-08-01 | 20:00:00 | 21:00:00 | Red Hot Swing | Dance Victoria, 2750 Quadra St, Victoria, BC V8T 4E8, Canada |  | https://www.google.com/calendar/event?eid=bTZkbThhbjlsaTdtdWRrNzduNWRyY25obWVfMjAyNTA4MDJUMDMwMDAwWiA3OWNmcDNhc2Y3Ym9kOXE0aWNnYzRydHRub0Bn | social dance",0,5.8,False,10,
1183,Red Hot Swing w live band,"dance, live music, swing","Swing dancing with live music every Friday at Dance Victoria with Red Hot Swing. Intro class from 8-8:45 followed by social dancing to live music until 11:30. $18 entry, $15 for students https://www.redhotswing.com/",Friday,2025-08-08,2025-08-08,20:00:00,23:30:00,Victoria Latin Dance Association,"Dance Victoria, 2750 Quadra St, Victoria, BC V8T 4E8, Canada",18.0,https://www.google.com/calendar/event?eid=b2djYmR0cjlidDk3M2lwcTVzNTBmZm90bmxfMjAyNTA4MDlUMDMwMDAwWiAxN2RlMmNhNDNmNTI1Yzg3MDU4ZmZhZmUxZjAyMDZkYTgyYTE5ZDAwYTg1YTZhZTk3OWFkNmJiNjE4ZGNkOGFlQGc,"class, social dance",2628.0,2025-08-08 20:00:00,"Red Hot Swing w live band | dance, live music, swing | Swing dancing with live music every Friday at Dance Victoria with Red Hot Swing. Intro class from 8-8:45 followed by social dancing to live music until 11:30. $18 entry, $15 for students https://www.redhotswing.com/ | Friday | 2025-08-08 | 2025-08-08 | 20:00:00 | 23:30:00 | Victoria Latin Dance Association | Dance Victoria, 2750 Quadra St, Victoria, BC V8T 4E8, Canada | 18.0 | https://www.google.com/calendar/event?eid=b2djYmR0cjlidDk3M2lwcTVzNTBmZm90bmxfMjAyNTA4MDlUMDMwMDAwWiAxN2RlMmNhNDNmNTI1Yzg3MDU4ZmZhZmUxZjAyMDZkYTgyYTE5ZDAwYTg1YTZhZTk3OWFkNmJiNjE4ZGNkOGFlQGc | class, social dance",0,6.65,True,11,
590,Intro lesson,"dance, swing","If you are brand new to swing dancing, come join us for a drop-in introductory lesson before our Friday night social dance begins!",Friday,2025-08-08,2025-08-08,20:00:00,21:00:00,Red Hot Swing,"Dance Victoria, 2750 Quadra St, Victoria, BC V8T 4E8, Canada",,https://www.google.com/calendar/event?eid=bTZkbThhbjlsaTdtdWRrNzduNWRyY25obWVfMjAyNTA4MDlUMDMwMDAwWiA3OWNmcDNhc2Y3Ym9kOXE0aWNnYzRydHRub0Bn,social dance,2628.0,2025-08-08 20:00:00,"Intro lesson | dance, swing | If you are brand new to swing dancing, come join us for a drop-in introductory lesson before our Friday night social dance begins! | Friday | 2025-08-08 | 2025-08-08 | 20:00:00 | 21:00:00 | Red Hot Swing | Dance Victoria, 2750 Quadra St, Victoria, BC V8T 4E8, Canada |  | https://www.google.com/calendar/event?eid=bTZkbThhbjlsaTdtdWRrNzduNWRyY25obWVfMjAyNTA4MDlUMDMwMDAwWiA3OWNmcDNhc2Y3Ym9kOXE0aWNnYzRydHRub0Bn | social dance",0,5.8,False,11,
1953,Saanich Music in the Park Band TBC,"lindy, swing, wcs",Groove Diggers,Tuesday,2025-08-12,2025-08-12,18:00:00,,Victoria Summer Music,"Prospect Lake, 331 Prospect Lake Road, Victoria, BC",Free,https://b61b97e2-612d-44ed-9740-8151c13f6a0a.filesusr.com/ugd/1dab27_82adb3d8d7534a6eb70b0c13c2827726.pdf,live music,12653.0,2025-08-12 18:00:00,"Saanich Music in the Park Band TBC | lindy, swing, wcs | Groove Diggers | Tuesday | 2025-08-12 | 2025-08-12 | 18:00:00 |  | Victoria Summer Music | Prospect Lake, 331 Prospect Lake Road, Victoria, BC | Free | https://b61b97e2-612d-44ed-9740-8151c13f6a0a.filesusr.com/ugd/1dab27_82adb3d8d7534a6eb70b0c13c2827726.pdf | live music",0,4.64,True,12,
528,Groove Diggers,,Top 40 & classics,Tuesday,2025-08-12,2025-08-12,18:00:00,20:00:00,District of Saanich,"Prospect Lake, 331 Prospect Lake Road",,https://www.saanich.ca/EN/main/parks-recreation-community/parks/events-in-park/music-in-the-park.html,live music,12653.0,2025-08-12 18:00:00,"Groove Diggers |  | Top 40 & classics | Tuesday | 2025-08-12 | 2025-08-12 | 18:00:00 | 20:00:00 | District of Saanich | Prospect Lake, 331 Prospect Lake Road |  | https://www.saanich.ca/EN/main/parks-recreation-community/parks/events-in-park/music-in-the-park.html | live music",0,4.17,False,12,
1191,Red Hot Swing w live band,"dance, live music, swing","Swing dancing with live music every Friday at Dance Victoria with Red Hot Swing. Intro class from 8-8:45 followed by social dancing to live music until 11:30. $18 entry, $15 for students https://www.redhotswing.com/",Friday,2025-08-15,2025-08-15,20:00:00,23:30:00,Victoria Latin Dance Association,"Dance Victoria, 2750 Quadra St, Victoria, BC V8T 4E8, Canada",18.0,https://www.google.com/calendar/event?eid=b2djYmR0cjlidDk3M2lwcTVzNTBmZm90bmxfMjAyNTA4MTZUMDMwMDAwWiAxN2RlMmNhNDNmNTI1Yzg3MDU4ZmZhZmUxZjAyMDZkYTgyYTE5ZDAwYTg1YTZhZTk3OWFkNmJiNjE4ZGNkOGFlQGc,"class, social dance",2628.0,2025-08-15 20:00:00,"Red Hot Swing w live band | dance, live music, swing | Swing dancing with live music every Friday at Dance Victoria with Red Hot Swing. Intro class from 8-8:45 followed by social dancing to live music until 11:30. $18 entry, $15 for students https://www.redhotswing.com/ | Friday | 2025-08-15 | 2025-08-15 | 20:00:00 | 23:30:00 | Victoria Latin Dance Association | Dance Victoria, 2750 Quadra St, Victoria, BC V8T 4E8, Canada | 18.0 | https://www.google.com/calendar/event?eid=b2djYmR0cjlidDk3M2lwcTVzNTBmZm90bmxfMjAyNTA4MTZUMDMwMDAwWiAxN2RlMmNhNDNmNTI1Yzg3MDU4ZmZhZmUxZjAyMDZkYTgyYTE5ZDAwYTg1YTZhZTk3OWFkNmJiNjE4ZGNkOGFlQGc | class, social dance",0,6.65,True,13,
599,Intro lesson,"dance, swing","If you are brand new to swing dancing, come join us for a drop-in introductory lesson before our Friday night social dance begins!",Friday,2025-08-15,2025-08-15,20:00:00,21:00:00,Red Hot Swing,"Dance Victoria, 2750 Quadra St, Victoria, BC V8T 4E8, Canada",,https://www.google.com/calendar/event?eid=bTZkbThhbjlsaTdtdWRrNzduNWRyY25obWVfMjAyNTA4MTZUMDMwMDAwWiA3OWNmcDNhc2Y3Ym9kOXE0aWNnYzRydHRub0Bn,social dance,2628.0,2025-08-15 20:00:00,"Intro lesson | dance, swing | If you are brand new to swing dancing, come join us for a drop-in introductory lesson before our Friday night social dance begins! | Friday | 2025-08-15 | 2025-08-15 | 20:00:00 | 21:00:00 | Red Hot Swing | Dance Victoria, 2750 Quadra St, Victoria, BC V8T 4E8, Canada |  | https://www.google.com/calendar/event?eid=bTZkbThhbjlsaTdtdWRrNzduNWRyY25obWVfMjAyNTA4MTZUMDMwMDAwWiA3OWNmcDNhc2Y3Ym9kOXE0aWNnYzRydHRub0Bn | social dance",0,5.8,False,13,
1830,Hush Hush Noise,"lindy, swing, wcs",,Tuesday,2025-08-19,2025-08-19,00:00:00,18:30:00,Victoria Summer Music,"Ship Point (Inner Harbour), Wharf and Broughton, Victoria, BC V8W 1T3",Free,https://b61b97e2-612d-44ed-9740-8151c13f6a0a.filesusr.com/ugd/1dab27_82adb3d8d7534a6eb70b0c13c2827726.pdf,live music,12661.0,2025-08-19 00:00:00,"Hush Hush Noise | lindy, swing, wcs |  | Tuesday | 2025-08-19 | 2025-08-19 | 00:00:00 | 18:30:00 | Victoria Summer Music | Ship Point (Inner Harbour), Wharf and Broughton, Victoria, BC V8W 1T3 | Free | https://b61b97e2-612d-44ed-9740-8151c13f6a0a.filesusr.com/ugd/1dab27_82adb3d8d7534a6eb70b0c13c2827726.pdf | live music",0,3.5,True,14,
1687,Alternative Indie/Dream Pop,"lindy, swing, wcs",,Tuesday,2025-08-19,2025-08-19,00:00:00,20:00:00,Victoria Summer Music,"Ship Point (Inner Harbour), Wharf and Broughton, Victoria, BC V8W 1T3",Free,https://b61b97e2-612d-44ed-9740-8151c13f6a0a.filesusr.com/ugd/1dab27_82adb3d8d7534a6eb70b0c13c2827726.pdf,live music,12661.0,2025-08-19 00:00:00,"Alternative Indie/Dream Pop | lindy, swing, wcs |  | Tuesday | 2025-08-19 | 2025-08-19 | 00:00:00 | 20:00:00 | Victoria Summer Music | Ship Point (Inner Harbour), Wharf and Broughton, Victoria, BC V8W 1T3 | Free | https://b61b97e2-612d-44ed-9740-8151c13f6a0a.filesusr.com/ugd/1dab27_82adb3d8d7534a6eb70b0c13c2827726.pdf | live music",0,3.5,False,14,
1221,Red Hot Swing w live band,"dance, live music, swing","Swing dancing with live music every Friday at Dance Victoria with Red Hot Swing. Intro class from 8-8:45 followed by social dancing to live music until 11:30. $18 entry, $15 for students https://www.redhotswing.com/",Friday,2025-09-12,2025-09-12,20:00:00,23:30:00,Victoria Latin Dance Association,"Dance Victoria, 2750 Quadra St, Victoria, BC V8T 4E8, Canada",18.0,https://www.google.com/calendar/event?eid=b2djYmR0cjlidDk3M2lwcTVzNTBmZm90bmxfMjAyNTA5MTNUMDMwMDAwWiAxN2RlMmNhNDNmNTI1Yzg3MDU4ZmZhZmUxZjAyMDZkYTgyYTE5ZDAwYTg1YTZhZTk3OWFkNmJiNjE4ZGNkOGFlQGc,"class, social dance",2628.0,2025-09-12 20:00:00,"Red Hot Swing w live band | dance, live music, swing | Swing dancing with live music every Friday at Dance Victoria with Red Hot Swing. Intro class from 8-8:45 followed by social dancing to live music until 11:30. $18 entry, $15 for students https://www.redhotswing.com/ | Friday | 2025-09-12 | 2025-09-12 | 20:00:00 | 23:30:00 | Victoria Latin Dance Association | Dance Victoria, 2750 Quadra St, Victoria, BC V8T 4E8, Canada | 18.0 | https://www.google.com/calendar/event?eid=b2djYmR0cjlidDk3M2lwcTVzNTBmZm90bmxfMjAyNTA5MTNUMDMwMDAwWiAxN2RlMmNhNDNmNTI1Yzg3MDU4ZmZhZmUxZjAyMDZkYTgyYTE5ZDAwYTg1YTZhZTk3OWFkNmJiNjE4ZGNkOGFlQGc | class, social dance",0,6.65,True,15,
602,Intro lesson,"dance, swing","If you are brand new to swing dancing, come join us for a drop-in introductory lesson before our Friday night social dance begins!",Friday,2025-09-12,2025-09-12,20:00:00,21:00:00,Red Hot Swing,"Dance Victoria, 2750 Quadra St, Victoria, BC V8T 4E8, Canada",,https://www.google.com/calendar/event?eid=bTZkbThhbjlsaTdtdWRrNzduNWRyY25obWVfMjAyNTA5MTNUMDMwMDAwWiA3OWNmcDNhc2Y3Ym9kOXE0aWNnYzRydHRub0Bn,social dance,2628.0,2025-09-12 20:00:00,"Intro lesson | dance, swing | If you are brand new to swing dancing, come join us for a drop-in introductory lesson before our Friday night social dance begins! | Friday | 2025-09-12 | 2025-09-12 | 20:00:00 | 21:00:00 | Red Hot Swing | Dance Victoria, 2750 Quadra St, Victoria, BC V8T 4E8, Canada |  | https://www.google.com/calendar/event?eid=bTZkbThhbjlsaTdtdWRrNzduNWRyY25obWVfMjAyNTA5MTNUMDMwMDAwWiA3OWNmcDNhc2Y3Ym9kOXE0aWNnYzRydHRub0Bn | social dance",0,5.8,False,15,
1231,Red Hot Swing w live band,"dance, live music, swing","Swing dancing with live music every Friday at Dance Victoria with Red Hot Swing. Intro class from 8-8:45 followed by social dancing to live music until 11:30. $18 entry, $15 for students https://www.redhotswing.com/",Friday,2025-09-19,2025-09-19,20:00:00,23:30:00,Victoria Latin Dance Association,"Dance Victoria, 2750 Quadra St, Victoria, BC V8T 4E8, Canada",18.0,https://www.google.com/calendar/event?eid=b2djYmR0cjlidDk3M2lwcTVzNTBmZm90bmxfMjAyNTA5MjBUMDMwMDAwWiAxN2RlMmNhNDNmNTI1Yzg3MDU4ZmZhZmUxZjAyMDZkYTgyYTE5ZDAwYTg1YTZhZTk3OWFkNmJiNjE4ZGNkOGFlQGc,"class, social dance",2628.0,2025-09-19 20:00:00,"Red Hot Swing w live band | dance, live music, swing | Swing dancing with live music every Friday at Dance Victoria with Red Hot Swing. Intro class from 8-8:45 followed by social dancing to live music until 11:30. $18 entry, $15 for students https://www.redhotswing.com/ | Friday | 2025-09-19 | 2025-09-19 | 20:00:00 | 23:30:00 | Victoria Latin Dance Association | Dance Victoria, 2750 Quadra St, Victoria, BC V8T 4E8, Canada | 18.0 | https://www.google.com/calendar/event?eid=b2djYmR0cjlidDk3M2lwcTVzNTBmZm90bmxfMjAyNTA5MjBUMDMwMDAwWiAxN2RlMmNhNDNmNTI1Yzg3MDU4ZmZhZmUxZjAyMDZkYTgyYTE5ZDAwYTg1YTZhZTk3OWFkNmJiNjE4ZGNkOGFlQGc | class, social dance",0,6.65,True,16,
605,Intro lesson,"dance, swing","If you are brand new to swing dancing, come join us for a drop-in introductory lesson before our Friday night social dance begins!",Friday,2025-09-19,2025-09-19,20:00:00,21:00:00,Red Hot Swing,"Dance Victoria, 2750 Quadra St, Victoria, BC V8T 4E8, Canada",,https://www.google.com/calendar/event?eid=bTZkbThhbjlsaTdtdWRrNzduNWRyY25obWVfMjAyNTA5MjBUMDMwMDAwWiA3OWNmcDNhc2Y3Ym9kOXE0aWNnYzRydHRub0Bn,social dance,2628.0,2025-09-19 20:00:00,"Intro lesson | dance, swing | If you are brand new to swing dancing, come join us for a drop-in introductory lesson before our Friday night social dance begins! | Friday | 2025-09-19 | 2025-09-19 | 20:00:00 | 21:00:00 | Red Hot Swing | Dance Victoria, 2750 Quadra St, Victoria, BC V8T 4E8, Canada |  | https://www.google.com/calendar/event?eid=bTZkbThhbjlsaTdtdWRrNzduNWRyY25obWVfMjAyNTA5MjBUMDMwMDAwWiA3OWNmcDNhc2Y3Ym9kOXE0aWNnYzRydHRub0Bn | social dance",0,5.8,False,16,
1239,Red Hot Swing w live band,"dance, live music, swing","Swing dancing with live music every Friday at Dance Victoria with Red Hot Swing. Intro class from 8-8:45 followed by social dancing to live music until 11:30. $18 entry, $15 for students https://www.redhotswing.com/",Friday,2025-09-26,2025-09-26,20:00:00,23:30:00,Victoria Latin Dance Association,"Dance Victoria, 2750 Quadra St, Victoria, BC V8T 4E8, Canada",18.0,https://www.google.com/calendar/event?eid=b2djYmR0cjlidDk3M2lwcTVzNTBmZm90bmxfMjAyNTA5MjdUMDMwMDAwWiAxN2RlMmNhNDNmNTI1Yzg3MDU4ZmZhZmUxZjAyMDZkYTgyYTE5ZDAwYTg1YTZhZTk3OWFkNmJiNjE4ZGNkOGFlQGc,"class, social dance",2628.0,2025-09-26 20:00:00,"Red Hot Swing w live band | dance, live music, swing | Swing dancing with live music every Friday at Dance Victoria with Red Hot Swing. Intro class from 8-8:45 followed by social dancing to live music until 11:30. $18 entry, $15 for students https://www.redhotswing.com/ | Friday | 2025-09-26 | 2025-09-26 | 20:00:00 | 23:30:00 | Victoria Latin Dance Association | Dance Victoria, 2750 Quadra St, Victoria, BC V8T 4E8, Canada | 18.0 | https://www.google.com/calendar/event?eid=b2djYmR0cjlidDk3M2lwcTVzNTBmZm90bmxfMjAyNTA5MjdUMDMwMDAwWiAxN2RlMmNhNDNmNTI1Yzg3MDU4ZmZhZmUxZjAyMDZkYTgyYTE5ZDAwYTg1YTZhZTk3OWFkNmJiNjE4ZGNkOGFlQGc | class, social dance",0,6.65,True,17,
611,Intro lesson,"dance, swing","If you are brand new to swing dancing, come join us for a drop-in introductory lesson before our Friday night social dance begins!",Friday,2025-09-26,2025-09-26,20:00:00,21:00:00,Red Hot Swing,"Dance Victoria, 2750 Quadra St, Victoria, BC V8T 4E8, Canada",,https://www.google.com/calendar/event?eid=bTZkbThhbjlsaTdtdWRrNzduNWRyY25obWVfMjAyNTA5MjdUMDMwMDAwWiA3OWNmcDNhc2Y3Ym9kOXE0aWNnYzRydHRub0Bn,social dance,2628.0,2025-09-26 20:00:00,"Intro lesson | dance, swing | If you are brand new to swing dancing, come join us for a drop-in introductory lesson before our Friday night social dance begins! | Friday | 2025-09-26 | 2025-09-26 | 20:00:00 | 21:00:00 | Red Hot Swing | Dance Victoria, 2750 Quadra St, Victoria, BC V8T 4E8, Canada |  | https://www.google.com/calendar/event?eid=bTZkbThhbjlsaTdtdWRrNzduNWRyY25obWVfMjAyNTA5MjdUMDMwMDAwWiA3OWNmcDNhc2Y3Ym9kOXE0aWNnYzRydHRub0Bn | social dance",0,5.8,False,17,
1245,Red Hot Swing w live band,"dance, live music, swing","Swing dancing with live music every Friday at Dance Victoria with Red Hot Swing. Intro class from 8-8:45 followed by social dancing to live music until 11:30. $18 entry, $15 for students https://www.redhotswing.com/",Friday,2025-10-03,2025-10-03,20:00:00,23:30:00,Victoria Latin Dance Association,"Dance Victoria, 2750 Quadra St, Victoria, BC V8T 4E8, Canada",18.0,https://www.google.com/calendar/event?eid=b2djYmR0cjlidDk3M2lwcTVzNTBmZm90bmxfMjAyNTEwMDRUMDMwMDAwWiAxN2RlMmNhNDNmNTI1Yzg3MDU4ZmZhZmUxZjAyMDZkYTgyYTE5ZDAwYTg1YTZhZTk3OWFkNmJiNjE4ZGNkOGFlQGc,"class, social dance",2628.0,2025-10-03 20:00:00,"Red Hot Swing w live band | dance, live music, swing | Swing dancing with live music every Friday at Dance Victoria with Red Hot Swing. Intro class from 8-8:45 followed by social dancing to live music until 11:30. $18 entry, $15 for students https://www.redhotswing.com/ | Friday | 2025-10-03 | 2025-10-03 | 20:00:00 | 23:30:00 | Victoria Latin Dance Association | Dance Victoria, 2750 Quadra St, Victoria, BC V8T 4E8, Canada | 18.0 | https://www.google.com/calendar/event?eid=b2djYmR0cjlidDk3M2lwcTVzNTBmZm90bmxfMjAyNTEwMDRUMDMwMDAwWiAxN2RlMmNhNDNmNTI1Yzg3MDU4ZmZhZmUxZjAyMDZkYTgyYTE5ZDAwYTg1YTZhZTk3OWFkNmJiNjE4ZGNkOGFlQGc | class, social dance",0,6.65,True,18,
614,Intro lesson,"dance, swing","If you are brand new to swing dancing, come join us for a drop-in introductory lesson before our Friday night social dance begins!",Friday,2025-10-03,2025-10-03,20:00:00,21:00:00,Red Hot Swing,"Dance Victoria, 2750 Quadra St, Victoria, BC V8T 4E8, Canada",,https://www.google.com/calendar/event?eid=bTZkbThhbjlsaTdtdWRrNzduNWRyY25obWVfMjAyNTEwMDRUMDMwMDAwWiA3OWNmcDNhc2Y3Ym9kOXE0aWNnYzRydHRub0Bn,social dance,2628.0,2025-10-03 20:00:00,"Intro lesson | dance, swing | If you are brand new to swing dancing, come join us for a drop-in introductory lesson before our Friday night social dance begins! | Friday | 2025-10-03 | 2025-10-03 | 20:00:00 | 21:00:00 | Red Hot Swing | Dance Victoria, 2750 Quadra St, Victoria, BC V8T 4E8, Canada |  | https://www.google.com/calendar/event?eid=bTZkbThhbjlsaTdtdWRrNzduNWRyY25obWVfMjAyNTEwMDRUMDMwMDAwWiA3OWNmcDNhc2Y3Ym9kOXE0aWNnYzRydHRub0Bn | social dance",0,5.8,False,18,
1252,Red Hot Swing w live band,"dance, live music, swing","Swing dancing with live music every Friday at Dance Victoria with Red Hot Swing. Intro class from 8-8:45 followed by social dancing to live music until 11:30. $18 entry, $15 for students https://www.redhotswing.com/",Friday,2025-10-10,2025-10-10,20:00:00,23:30:00,Victoria Latin Dance Association,"Dance Victoria, 2750 Quadra St, Victoria, BC V8T 4E8, Canada",18.0,https://www.google.com/calendar/event?eid=b2djYmR0cjlidDk3M2lwcTVzNTBmZm90bmxfMjAyNTEwMTFUMDMwMDAwWiAxN2RlMmNhNDNmNTI1Yzg3MDU4ZmZhZmUxZjAyMDZkYTgyYTE5ZDAwYTg1YTZhZTk3OWFkNmJiNjE4ZGNkOGFlQGc,"class, social dance",2628.0,2025-10-10 20:00:00,"Red Hot Swing w live band | dance, live music, swing | Swing dancing with live music every Friday at Dance Victoria with Red Hot Swing. Intro class from 8-8:45 followed by social dancing to live music until 11:30. $18 entry, $15 for students https://www.redhotswing.com/ | Friday | 2025-10-10 | 2025-10-10 | 20:00:00 | 23:30:00 | Victoria Latin Dance Association | Dance Victoria, 2750 Quadra St, Victoria, BC V8T 4E8, Canada | 18.0 | https://www.google.com/calendar/event?eid=b2djYmR0cjlidDk3M2lwcTVzNTBmZm90bmxfMjAyNTEwMTFUMDMwMDAwWiAxN2RlMmNhNDNmNTI1Yzg3MDU4ZmZhZmUxZjAyMDZkYTgyYTE5ZDAwYTg1YTZhZTk3OWFkNmJiNjE4ZGNkOGFlQGc | class, social dance",0,6.65,True,19,
617,Intro lesson,"dance, swing","If you are brand new to swing dancing, come join us for a drop-in introductory lesson before our Friday night social dance begins!",Friday,2025-10-10,2025-10-10,20:00:00,21:00:00,Red Hot Swing,"Dance Victoria, 2750 Quadra St, Victoria, BC V8T 4E8, Canada",,https://www.google.com/calendar/event?eid=bTZkbThhbjlsaTdtdWRrNzduNWRyY25obWVfMjAyNTEwMTFUMDMwMDAwWiA3OWNmcDNhc2Y3Ym9kOXE0aWNnYzRydHRub0Bn,social dance,2628.0,2025-10-10 20:00:00,"Intro lesson | dance, swing | If you are brand new to swing dancing, come join us for a drop-in introductory lesson before our Friday night social dance begins! | Friday | 2025-10-10 | 2025-10-10 | 20:00:00 | 21:00:00 | Red Hot Swing | Dance Victoria, 2750 Quadra St, Victoria, BC V8T 4E8, Canada |  | https://www.google.com/calendar/event?eid=bTZkbThhbjlsaTdtdWRrNzduNWRyY25obWVfMjAyNTEwMTFUMDMwMDAwWiA3OWNmcDNhc2Y3Ym9kOXE0aWNnYzRydHRub0Bn | social dance",0,5.8,False,19,
1260,Red Hot Swing w live band,"dance, live music, swing","Swing dancing with live music every Friday at Dance Victoria with Red Hot Swing. Intro class from 8-8:45 followed by social dancing to live music until 11:30. $18 entry, $15 for students https://www.redhotswing.com/",Friday,2025-10-17,2025-10-17,20:00:00,23:30:00,Victoria Latin Dance Association,"Dance Victoria, 2750 Quadra St, Victoria, BC V8T 4E8, Canada",18.0,https://www.google.com/calendar/event?eid=b2djYmR0cjlidDk3M2lwcTVzNTBmZm90bmxfMjAyNTEwMThUMDMwMDAwWiAxN2RlMmNhNDNmNTI1Yzg3MDU4ZmZhZmUxZjAyMDZkYTgyYTE5ZDAwYTg1YTZhZTk3OWFkNmJiNjE4ZGNkOGFlQGc,"class, social dance",2628.0,2025-10-17 20:00:00,"Red Hot Swing w live band | dance, live music, swing | Swing dancing with live music every Friday at Dance Victoria with Red Hot Swing. Intro class from 8-8:45 followed by social dancing to live music until 11:30. $18 entry, $15 for students https://www.redhotswing.com/ | Friday | 2025-10-17 | 2025-10-17 | 20:00:00 | 23:30:00 | Victoria Latin Dance Association | Dance Victoria, 2750 Quadra St, Victoria, BC V8T 4E8, Canada | 18.0 | https://www.google.com/calendar/event?eid=b2djYmR0cjlidDk3M2lwcTVzNTBmZm90bmxfMjAyNTEwMThUMDMwMDAwWiAxN2RlMmNhNDNmNTI1Yzg3MDU4ZmZhZmUxZjAyMDZkYTgyYTE5ZDAwYTg1YTZhZTk3OWFkNmJiNjE4ZGNkOGFlQGc | class, social dance",0,6.65,True,20,
620,Intro lesson,"dance, swing","If you are brand new to swing dancing, come join us for a drop-in introductory lesson before our Friday night social dance begins!",Friday,2025-10-17,2025-10-17,20:00:00,21:00:00,Red Hot Swing,"Dance Victoria, 2750 Quadra St, Victoria, BC V8T 4E8, Canada",,https://www.google.com/calendar/event?eid=bTZkbThhbjlsaTdtdWRrNzduNWRyY25obWVfMjAyNTEwMThUMDMwMDAwWiA3OWNmcDNhc2Y3Ym9kOXE0aWNnYzRydHRub0Bn,social dance,2628.0,2025-10-17 20:00:00,"Intro lesson | dance, swing | If you are brand new to swing dancing, come join us for a drop-in introductory lesson before our Friday night social dance begins! | Friday | 2025-10-17 | 2025-10-17 | 20:00:00 | 21:00:00 | Red Hot Swing | Dance Victoria, 2750 Quadra St, Victoria, BC V8T 4E8, Canada |  | https://www.google.com/calendar/event?eid=bTZkbThhbjlsaTdtdWRrNzduNWRyY25obWVfMjAyNTEwMThUMDMwMDAwWiA3OWNmcDNhc2Y3Ym9kOXE0aWNnYzRydHRub0Bn | social dance",0,5.8,False,20,
1268,Red Hot Swing w live band,"dance, live music, swing","Swing dancing with live music every Friday at Dance Victoria with Red Hot Swing. Intro class from 8-8:45 followed by social dancing to live music until 11:30. $18 entry, $15 for students https://www.redhotswing.com/",Friday,2025-10-24,2025-10-24,20:00:00,23:30:00,Victoria Latin Dance Association,"Dance Victoria, 2750 Quadra St, Victoria, BC V8T 4E8, Canada",18.0,https://www.google.com/calendar/event?eid=b2djYmR0cjlidDk3M2lwcTVzNTBmZm90bmxfMjAyNTEwMjVUMDMwMDAwWiAxN2RlMmNhNDNmNTI1Yzg3MDU4ZmZhZmUxZjAyMDZkYTgyYTE5ZDAwYTg1YTZhZTk3OWFkNmJiNjE4ZGNkOGFlQGc,"class, social dance",2628.0,2025-10-24 20:00:00,"Red Hot Swing w live band | dance, live music, swing | Swing dancing with live music every Friday at Dance Victoria with Red Hot Swing. Intro class from 8-8:45 followed by social dancing to live music until 11:30. $18 entry, $15 for students https://www.redhotswing.com/ | Friday | 2025-10-24 | 2025-10-24 | 20:00:00 | 23:30:00 | Victoria Latin Dance Association | Dance Victoria, 2750 Quadra St, Victoria, BC V8T 4E8, Canada | 18.0 | https://www.google.com/calendar/event?eid=b2djYmR0cjlidDk3M2lwcTVzNTBmZm90bmxfMjAyNTEwMjVUMDMwMDAwWiAxN2RlMmNhNDNmNTI1Yzg3MDU4ZmZhZmUxZjAyMDZkYTgyYTE5ZDAwYTg1YTZhZTk3OWFkNmJiNjE4ZGNkOGFlQGc | class, social dance",0,6.65,True,21,
623,Intro lesson,"dance, swing","If you are brand new to swing dancing, come join us for a drop-in introductory lesson before our Friday night social dance begins!",Friday,2025-10-24,2025-10-24,20:00:00,21:00:00,Red Hot Swing,"Dance Victoria, 2750 Quadra St, Victoria, BC V8T 4E8, Canada",,https://www.google.com/calendar/event?eid=bTZkbThhbjlsaTdtdWRrNzduNWRyY25obWVfMjAyNTEwMjVUMDMwMDAwWiA3OWNmcDNhc2Y3Ym9kOXE0aWNnYzRydHRub0Bn,social dance,2628.0,2025-10-24 20:00:00,"Intro lesson | dance, swing | If you are brand new to swing dancing, come join us for a drop-in introductory lesson before our Friday night social dance begins! | Friday | 2025-10-24 | 2025-10-24 | 20:00:00 | 21:00:00 | Red Hot Swing | Dance Victoria, 2750 Quadra St, Victoria, BC V8T 4E8, Canada |  | https://www.google.com/calendar/event?eid=bTZkbThhbjlsaTdtdWRrNzduNWRyY25obWVfMjAyNTEwMjVUMDMwMDAwWiA3OWNmcDNhc2Y3Ym9kOXE0aWNnYzRydHRub0Bn | social dance",0,5.8,False,21,
1273,Red Hot Swing w live band,"dance, live music, swing","Swing dancing with live music every Friday at Dance Victoria with Red Hot Swing. Intro class from 8-8:45 followed by social dancing to live music until 11:30. $18 entry, $15 for students https://www.redhotswing.com/",Friday,2025-10-31,2025-10-31,20:00:00,23:30:00,Victoria Latin Dance Association,"Dance Victoria, 2750 Quadra St, Victoria, BC V8T 4E8, Canada",18.0,https://www.google.com/calendar/event?eid=b2djYmR0cjlidDk3M2lwcTVzNTBmZm90bmxfMjAyNTExMDFUMDMwMDAwWiAxN2RlMmNhNDNmNTI1Yzg3MDU4ZmZhZmUxZjAyMDZkYTgyYTE5ZDAwYTg1YTZhZTk3OWFkNmJiNjE4ZGNkOGFlQGc,"class, social dance",2628.0,2025-10-31 20:00:00,"Red Hot Swing w live band | dance, live music, swing | Swing dancing with live music every Friday at Dance Victoria with Red Hot Swing. Intro class from 8-8:45 followed by social dancing to live music until 11:30. $18 entry, $15 for students https://www.redhotswing.com/ | Friday | 2025-10-31 | 2025-10-31 | 20:00:00 | 23:30:00 | Victoria Latin Dance Association | Dance Victoria, 2750 Quadra St, Victoria, BC V8T 4E8, Canada | 18.0 | https://www.google.com/calendar/event?eid=b2djYmR0cjlidDk3M2lwcTVzNTBmZm90bmxfMjAyNTExMDFUMDMwMDAwWiAxN2RlMmNhNDNmNTI1Yzg3MDU4ZmZhZmUxZjAyMDZkYTgyYTE5ZDAwYTg1YTZhZTk3OWFkNmJiNjE4ZGNkOGFlQGc | class, social dance",0,6.65,True,22,
629,Intro lesson,"dance, swing","If you are brand new to swing dancing, come join us for a drop-in introductory lesson before our Friday night social dance begins!",Friday,2025-10-31,2025-10-31,20:00:00,21:00:00,Red Hot Swing,"Dance Victoria, 2750 Quadra St, Victoria, BC V8T 4E8, Canada",,https://www.google.com/calendar/event?eid=bTZkbThhbjlsaTdtdWRrNzduNWRyY25obWVfMjAyNTExMDFUMDMwMDAwWiA3OWNmcDNhc2Y3Ym9kOXE0aWNnYzRydHRub0Bn,social dance,2628.0,2025-10-31 20:00:00,"Intro lesson | dance, swing | If you are brand new to swing dancing, come join us for a drop-in introductory lesson before our Friday night social dance begins! | Friday | 2025-10-31 | 2025-10-31 | 20:00:00 | 21:00:00 | Red Hot Swing | Dance Victoria, 2750 Quadra St, Victoria, BC V8T 4E8, Canada |  | https://www.google.com/calendar/event?eid=bTZkbThhbjlsaTdtdWRrNzduNWRyY25obWVfMjAyNTExMDFUMDMwMDAwWiA3OWNmcDNhc2Y3Ym9kOXE0aWNnYzRydHRub0Bn | social dance",0,5.8,False,22,
1280,Red Hot Swing w live band,"dance, live music, swing","Swing dancing with live music every Friday at Dance Victoria with Red Hot Swing. Intro class from 8-8:45 followed by social dancing to live music until 11:30. $18 entry, $15 for students https://www.redhotswing.com/",Friday,2025-11-07,2025-11-07,20:00:00,23:30:00,Victoria Latin Dance Association,"Dance Victoria, 2750 Quadra St, Victoria, BC V8T 4E8, Canada",18.0,https://www.google.com/calendar/event?eid=b2djYmR0cjlidDk3M2lwcTVzNTBmZm90bmxfMjAyNTExMDhUMDQwMDAwWiAxN2RlMmNhNDNmNTI1Yzg3MDU4ZmZhZmUxZjAyMDZkYTgyYTE5ZDAwYTg1YTZhZTk3OWFkNmJiNjE4ZGNkOGFlQGc,"class, social dance",2628.0,2025-11-07 20:00:00,"Red Hot Swing w live band | dance, live music, swing | Swing dancing with live music every Friday at Dance Victoria with Red Hot Swing. Intro class from 8-8:45 followed by social dancing to live music until 11:30. $18 entry, $15 for students https://www.redhotswing.com/ | Friday | 2025-11-07 | 2025-11-07 | 20:00:00 | 23:30:00 | Victoria Latin Dance Association | Dance Victoria, 2750 Quadra St, Victoria, BC V8T 4E8, Canada | 18.0 | https://www.google.com/calendar/event?eid=b2djYmR0cjlidDk3M2lwcTVzNTBmZm90bmxfMjAyNTExMDhUMDQwMDAwWiAxN2RlMmNhNDNmNTI1Yzg3MDU4ZmZhZmUxZjAyMDZkYTgyYTE5ZDAwYTg1YTZhZTk3OWFkNmJiNjE4ZGNkOGFlQGc | class, social dance",0,6.65,True,23,
632,Intro lesson,"dance, swing","If you are brand new to swing dancing, come join us for a drop-in introductory lesson before our Friday night social dance begins!",Friday,2025-11-07,2025-11-07,20:00:00,21:00:00,Red Hot Swing,"Dance Victoria, 2750 Quadra St, Victoria, BC V8T 4E8, Canada",,https://www.google.com/calendar/event?eid=bTZkbThhbjlsaTdtdWRrNzduNWRyY25obWVfMjAyNTExMDhUMDQwMDAwWiA3OWNmcDNhc2Y3Ym9kOXE0aWNnYzRydHRub0Bn,social dance,2628.0,2025-11-07 20:00:00,"Intro lesson | dance, swing | If you are brand new to swing dancing, come join us for a drop-in introductory lesson before our Friday night social dance begins! | Friday | 2025-11-07 | 2025-11-07 | 20:00:00 | 21:00:00 | Red Hot Swing | Dance Victoria, 2750 Quadra St, Victoria, BC V8T 4E8, Canada |  | https://www.google.com/calendar/event?eid=bTZkbThhbjlsaTdtdWRrNzduNWRyY25obWVfMjAyNTExMDhUMDQwMDAwWiA3OWNmcDNhc2Y3Ym9kOXE0aWNnYzRydHRub0Bn | social dance",0,5.8,False,23,
1287,Red Hot Swing w live band,"dance, live music, swing","Swing dancing with live music every Friday at Dance Victoria with Red Hot Swing. Intro class from 8-8:45 followed by social dancing to live music until 11:30. $18 entry, $15 for students https://www.redhotswing.com/",Friday,2025-11-14,2025-11-14,20:00:00,23:30:00,Victoria Latin Dance Association,"Dance Victoria, 2750 Quadra St, Victoria, BC V8T 4E8, Canada",18.0,https://www.google.com/calendar/event?eid=b2djYmR0cjlidDk3M2lwcTVzNTBmZm90bmxfMjAyNTExMTVUMDQwMDAwWiAxN2RlMmNhNDNmNTI1Yzg3MDU4ZmZhZmUxZjAyMDZkYTgyYTE5ZDAwYTg1YTZhZTk3OWFkNmJiNjE4ZGNkOGFlQGc,"class, social dance",2628.0,2025-11-14 20:00:00,"Red Hot Swing w live band | dance, live music, swing | Swing dancing with live music every Friday at Dance Victoria with Red Hot Swing. Intro class from 8-8:45 followed by social dancing to live music until 11:30. $18 entry, $15 for students https://www.redhotswing.com/ | Friday | 2025-11-14 | 2025-11-14 | 20:00:00 | 23:30:00 | Victoria Latin Dance Association | Dance Victoria, 2750 Quadra St, Victoria, BC V8T 4E8, Canada | 18.0 | https://www.google.com/calendar/event?eid=b2djYmR0cjlidDk3M2lwcTVzNTBmZm90bmxfMjAyNTExMTVUMDQwMDAwWiAxN2RlMmNhNDNmNTI1Yzg3MDU4ZmZhZmUxZjAyMDZkYTgyYTE5ZDAwYTg1YTZhZTk3OWFkNmJiNjE4ZGNkOGFlQGc | class, social dance",0,6.65,True,24,
635,Intro lesson,"dance, swing","If you are brand new to swing dancing, come join us for a drop-in introductory lesson before our Friday night social dance begins!",Friday,2025-11-14,2025-11-14,20:00:00,21:00:00,Red Hot Swing,"Dance Victoria, 2750 Quadra St, Victoria, BC V8T 4E8, Canada",,https://www.google.com/calendar/event?eid=bTZkbThhbjlsaTdtdWRrNzduNWRyY25obWVfMjAyNTExMTVUMDQwMDAwWiA3OWNmcDNhc2Y3Ym9kOXE0aWNnYzRydHRub0Bn,social dance,2628.0,2025-11-14 20:00:00,"Intro lesson | dance, swing | If you are brand new to swing dancing, come join us for a drop-in introductory lesson before our Friday night social dance begins! | Friday | 2025-11-14 | 2025-11-14 | 20:00:00 | 21:00:00 | Red Hot Swing | Dance Victoria, 2750 Quadra St, Victoria, BC V8T 4E8, Canada |  | https://www.google.com/calendar/event?eid=bTZkbThhbjlsaTdtdWRrNzduNWRyY25obWVfMjAyNTExMTVUMDQwMDAwWiA3OWNmcDNhc2Y3Ym9kOXE0aWNnYzRydHRub0Bn | social dance",0,5.8,False,24,
1296,Red Hot Swing w live band,"dance, live music, swing","Swing dancing with live music every Friday at Dance Victoria with Red Hot Swing. Intro class from 8-8:45 followed by social dancing to live music until 11:30. $18 entry, $15 for students https://www.redhotswing.com/",Friday,2025-11-21,2025-11-21,20:00:00,23:30:00,Victoria Latin Dance Association,"Dance Victoria, 2750 Quadra St, Victoria, BC V8T 4E8, Canada",18.0,https://www.google.com/calendar/event?eid=b2djYmR0cjlidDk3M2lwcTVzNTBmZm90bmxfMjAyNTExMjJUMDQwMDAwWiAxN2RlMmNhNDNmNTI1Yzg3MDU4ZmZhZmUxZjAyMDZkYTgyYTE5ZDAwYTg1YTZhZTk3OWFkNmJiNjE4ZGNkOGFlQGc,"class, social dance",2628.0,2025-11-21 20:00:00,"Red Hot Swing w live band | dance, live music, swing | Swing dancing with live music every Friday at Dance Victoria with Red Hot Swing. Intro class from 8-8:45 followed by social dancing to live music until 11:30. $18 entry, $15 for students https://www.redhotswing.com/ | Friday | 2025-11-21 | 2025-11-21 | 20:00:00 | 23:30:00 | Victoria Latin Dance Association | Dance Victoria, 2750 Quadra St, Victoria, BC V8T 4E8, Canada | 18.0 | https://www.google.com/calendar/event?eid=b2djYmR0cjlidDk3M2lwcTVzNTBmZm90bmxfMjAyNTExMjJUMDQwMDAwWiAxN2RlMmNhNDNmNTI1Yzg3MDU4ZmZhZmUxZjAyMDZkYTgyYTE5ZDAwYTg1YTZhZTk3OWFkNmJiNjE4ZGNkOGFlQGc | class, social dance",0,6.65,True,25,
638,Intro lesson,"dance, swing","If you are brand new to swing dancing, come join us for a drop-in introductory lesson before our Friday night social dance begins!",Friday,2025-11-21,2025-11-21,20:00:00,21:00:00,Red Hot Swing,"Dance Victoria, 2750 Quadra St, Victoria, BC V8T 4E8, Canada",,https://www.google.com/calendar/event?eid=bTZkbThhbjlsaTdtdWRrNzduNWRyY25obWVfMjAyNTExMjJUMDQwMDAwWiA3OWNmcDNhc2Y3Ym9kOXE0aWNnYzRydHRub0Bn,social dance,2628.0,2025-11-21 20:00:00,"Intro lesson | dance, swing | If you are brand new to swing dancing, come join us for a drop-in introductory lesson before our Friday night social dance begins! | Friday | 2025-11-21 | 2025-11-21 | 20:00:00 | 21:00:00 | Red Hot Swing | Dance Victoria, 2750 Quadra St, Victoria, BC V8T 4E8, Canada |  | https://www.google.com/calendar/event?eid=bTZkbThhbjlsaTdtdWRrNzduNWRyY25obWVfMjAyNTExMjJUMDQwMDAwWiA3OWNmcDNhc2Y3Ym9kOXE0aWNnYzRydHRub0Bn | social dance",0,5.8,False,25,
1302,Red Hot Swing w live band,"dance, live music, swing","Swing dancing with live music every Friday at Dance Victoria with Red Hot Swing. Intro class from 8-8:45 followed by social dancing to live music until 11:30. $18 entry, $15 for students https://www.redhotswing.com/",Friday,2025-11-28,2025-11-28,20:00:00,23:30:00,Victoria Latin Dance Association,"Dance Victoria, 2750 Quadra St, Victoria, BC V8T 4E8, Canada",18.0,https://www.google.com/calendar/event?eid=b2djYmR0cjlidDk3M2lwcTVzNTBmZm90bmxfMjAyNTExMjlUMDQwMDAwWiAxN2RlMmNhNDNmNTI1Yzg3MDU4ZmZhZmUxZjAyMDZkYTgyYTE5ZDAwYTg1YTZhZTk3OWFkNmJiNjE4ZGNkOGFlQGc,"class, social dance",2628.0,2025-11-28 20:00:00,"Red Hot Swing w live band | dance, live music, swing | Swing dancing with live music every Friday at Dance Victoria with Red Hot Swing. Intro class from 8-8:45 followed by social dancing to live music until 11:30. $18 entry, $15 for students https://www.redhotswing.com/ | Friday | 2025-11-28 | 2025-11-28 | 20:00:00 | 23:30:00 | Victoria Latin Dance Association | Dance Victoria, 2750 Quadra St, Victoria, BC V8T 4E8, Canada | 18.0 | https://www.google.com/calendar/event?eid=b2djYmR0cjlidDk3M2lwcTVzNTBmZm90bmxfMjAyNTExMjlUMDQwMDAwWiAxN2RlMmNhNDNmNTI1Yzg3MDU4ZmZhZmUxZjAyMDZkYTgyYTE5ZDAwYTg1YTZhZTk3OWFkNmJiNjE4ZGNkOGFlQGc | class, social dance",0,6.65,True,26,
644,Intro lesson,"dance, swing","If you are brand new to swing dancing, come join us for a drop-in introductory lesson before our Friday night social dance begins!",Friday,2025-11-28,2025-11-28,20:00:00,21:00:00,Red Hot Swing,"Dance Victoria, 2750 Quadra St, Victoria, BC V8T 4E8, Canada",,https://www.google.com/calendar/event?eid=bTZkbThhbjlsaTdtdWRrNzduNWRyY25obWVfMjAyNTExMjlUMDQwMDAwWiA3OWNmcDNhc2Y3Ym9kOXE0aWNnYzRydHRub0Bn,social dance,2628.0,2025-11-28 20:00:00,"Intro lesson | dance, swing | If you are brand new to swing dancing, come join us for a drop-in introductory lesson before our Friday night social dance begins! | Friday | 2025-11-28 | 2025-11-28 | 20:00:00 | 21:00:00 | Red Hot Swing | Dance Victoria, 2750 Quadra St, Victoria, BC V8T 4E8, Canada |  | https://www.google.com/calendar/event?eid=bTZkbThhbjlsaTdtdWRrNzduNWRyY25obWVfMjAyNTExMjlUMDQwMDAwWiA3OWNmcDNhc2Y3Ym9kOXE0aWNnYzRydHRub0Bn | social dance",0,5.8,False,26,
1308,Red Hot Swing w live band,"dance, live music, swing","Swing dancing with live music every Friday at Dance Victoria with Red Hot Swing. Intro class from 8-8:45 followed by social dancing to live music until 11:30. $18 entry, $15 for students https://www.redhotswing.com/",Friday,2025-12-05,2025-12-05,20:00:00,23:30:00,Victoria Latin Dance Association,"Dance Victoria, 2750 Quadra St, Victoria, BC V8T 4E8, Canada",18.0,https://www.google.com/calendar/event?eid=b2djYmR0cjlidDk3M2lwcTVzNTBmZm90bmxfMjAyNTEyMDZUMDQwMDAwWiAxN2RlMmNhNDNmNTI1Yzg3MDU4ZmZhZmUxZjAyMDZkYTgyYTE5ZDAwYTg1YTZhZTk3OWFkNmJiNjE4ZGNkOGFlQGc,"class, social dance",2628.0,2025-12-05 20:00:00,"Red Hot Swing w live band | dance, live music, swing | Swing dancing with live music every Friday at Dance Victoria with Red Hot Swing. Intro class from 8-8:45 followed by social dancing to live music until 11:30. $18 entry, $15 for students https://www.redhotswing.com/ | Friday | 2025-12-05 | 2025-12-05 | 20:00:00 | 23:30:00 | Victoria Latin Dance Association | Dance Victoria, 2750 Quadra St, Victoria, BC V8T 4E8, Canada | 18.0 | https://www.google.com/calendar/event?eid=b2djYmR0cjlidDk3M2lwcTVzNTBmZm90bmxfMjAyNTEyMDZUMDQwMDAwWiAxN2RlMmNhNDNmNTI1Yzg3MDU4ZmZhZmUxZjAyMDZkYTgyYTE5ZDAwYTg1YTZhZTk3OWFkNmJiNjE4ZGNkOGFlQGc | class, social dance",0,6.65,True,27,
647,Intro lesson,"dance, swing","If you are brand new to swing dancing, come join us for a drop-in introductory lesson before our Friday night social dance begins!",Friday,2025-12-05,2025-12-05,20:00:00,21:00:00,Red Hot Swing,"Dance Victoria, 2750 Quadra St, Victoria, BC V8T 4E8, Canada",,https://www.google.com/calendar/event?eid=bTZkbThhbjlsaTdtdWRrNzduNWRyY25obWVfMjAyNTEyMDZUMDQwMDAwWiA3OWNmcDNhc2Y3Ym9kOXE0aWNnYzRydHRub0Bn,social dance,2628.0,2025-12-05 20:00:00,"Intro lesson | dance, swing | If you are brand new to swing dancing, come join us for a drop-in introductory lesson before our Friday night social dance begins! | Friday | 2025-12-05 | 2025-12-05 | 20:00:00 | 21:00:00 | Red Hot Swing | Dance Victoria, 2750 Quadra St, Victoria, BC V8T 4E8, Canada |  | https://www.google.com/calendar/event?eid=bTZkbThhbjlsaTdtdWRrNzduNWRyY25obWVfMjAyNTEyMDZUMDQwMDAwWiA3OWNmcDNhc2Y3Ym9kOXE0aWNnYzRydHRub0Bn | social dance",0,5.8,False,27,
1314,Red Hot Swing w live band,"dance, live music, swing","Swing dancing with live music every Friday at Dance Victoria with Red Hot Swing. Intro class from 8-8:45 followed by social dancing to live music until 11:30. $18 entry, $15 for students https://www.redhotswing.com/",Friday,2025-12-12,2025-12-12,20:00:00,23:30:00,Victoria Latin Dance Association,"Dance Victoria, 2750 Quadra St, Victoria, BC V8T 4E8, Canada",18.0,https://www.google.com/calendar/event?eid=b2djYmR0cjlidDk3M2lwcTVzNTBmZm90bmxfMjAyNTEyMTNUMDQwMDAwWiAxN2RlMmNhNDNmNTI1Yzg3MDU4ZmZhZmUxZjAyMDZkYTgyYTE5ZDAwYTg1YTZhZTk3OWFkNmJiNjE4ZGNkOGFlQGc,"class, social dance",2628.0,2025-12-12 20:00:00,"Red Hot Swing w live band | dance, live music, swing | Swing dancing with live music every Friday at Dance Victoria with Red Hot Swing. Intro class from 8-8:45 followed by social dancing to live music until 11:30. $18 entry, $15 for students https://www.redhotswing.com/ | Friday | 2025-12-12 | 2025-12-12 | 20:00:00 | 23:30:00 | Victoria Latin Dance Association | Dance Victoria, 2750 Quadra St, Victoria, BC V8T 4E8, Canada | 18.0 | https://www.google.com/calendar/event?eid=b2djYmR0cjlidDk3M2lwcTVzNTBmZm90bmxfMjAyNTEyMTNUMDQwMDAwWiAxN2RlMmNhNDNmNTI1Yzg3MDU4ZmZhZmUxZjAyMDZkYTgyYTE5ZDAwYTg1YTZhZTk3OWFkNmJiNjE4ZGNkOGFlQGc | class, social dance",0,6.65,True,28,
650,Intro lesson,"dance, swing","If you are brand new to swing dancing, come join us for a drop-in introductory lesson before our Friday night social dance begins!",Friday,2025-12-12,2025-12-12,20:00:00,21:00:00,Red Hot Swing,"Dance Victoria, 2750 Quadra St, Victoria, BC V8T 4E8, Canada",,https://www.google.com/calendar/event?eid=bTZkbThhbjlsaTdtdWRrNzduNWRyY25obWVfMjAyNTEyMTNUMDQwMDAwWiA3OWNmcDNhc2Y3Ym9kOXE0aWNnYzRydHRub0Bn,social dance,2628.0,2025-12-12 20:00:00,"Intro lesson | dance, swing | If you are brand new to swing dancing, come join us for a drop-in introductory lesson before our Friday night social dance begins! | Friday | 2025-12-12 | 2025-12-12 | 20:00:00 | 21:00:00 | Red Hot Swing | Dance Victoria, 2750 Quadra St, Victoria, BC V8T 4E8, Canada |  | https://www.google.com/calendar/event?eid=bTZkbThhbjlsaTdtdWRrNzduNWRyY25obWVfMjAyNTEyMTNUMDQwMDAwWiA3OWNmcDNhc2Y3Ym9kOXE0aWNnYzRydHRub0Bn | social dance",0,5.8,False,28,
1323,Red Hot Swing w live band,"dance, live music, swing","Swing dancing with live music every Friday at Dance Victoria with Red Hot Swing. Intro class from 8-8:45 followed by social dancing to live music until 11:30. $18 entry, $15 for students https://www.redhotswing.com/",Friday,2025-12-19,2025-12-19,20:00:00,23:30:00,Victoria Latin Dance Association,"Dance Victoria, 2750 Quadra St, Victoria, BC V8T 4E8, Canada",18.0,https://www.google.com/calendar/event?eid=b2djYmR0cjlidDk3M2lwcTVzNTBmZm90bmxfMjAyNTEyMjBUMDQwMDAwWiAxN2RlMmNhNDNmNTI1Yzg3MDU4ZmZhZmUxZjAyMDZkYTgyYTE5ZDAwYTg1YTZhZTk3OWFkNmJiNjE4ZGNkOGFlQGc,"class, social dance",2628.0,2025-12-19 20:00:00,"Red Hot Swing w live band | dance, live music, swing | Swing dancing with live music every Friday at Dance Victoria with Red Hot Swing. Intro class from 8-8:45 followed by social dancing to live music until 11:30. $18 entry, $15 for students https://www.redhotswing.com/ | Friday | 2025-12-19 | 2025-12-19 | 20:00:00 | 23:30:00 | Victoria Latin Dance Association | Dance Victoria, 2750 Quadra St, Victoria, BC V8T 4E8, Canada | 18.0 | https://www.google.com/calendar/event?eid=b2djYmR0cjlidDk3M2lwcTVzNTBmZm90bmxfMjAyNTEyMjBUMDQwMDAwWiAxN2RlMmNhNDNmNTI1Yzg3MDU4ZmZhZmUxZjAyMDZkYTgyYTE5ZDAwYTg1YTZhZTk3OWFkNmJiNjE4ZGNkOGFlQGc | class, social dance",0,6.65,True,29,
653,Intro lesson,"dance, swing","If you are brand new to swing dancing, come join us for a drop-in introductory lesson before our Friday night social dance begins!",Friday,2025-12-19,2025-12-19,20:00:00,21:00:00,Red Hot Swing,"Dance Victoria, 2750 Quadra St, Victoria, BC V8T 4E8, Canada",,https://www.google.com/calendar/event?eid=bTZkbThhbjlsaTdtdWRrNzduNWRyY25obWVfMjAyNTEyMjBUMDQwMDAwWiA3OWNmcDNhc2Y3Ym9kOXE0aWNnYzRydHRub0Bn,social dance,2628.0,2025-12-19 20:00:00,"Intro lesson | dance, swing | If you are brand new to swing dancing, come join us for a drop-in introductory lesson before our Friday night social dance begins! | Friday | 2025-12-19 | 2025-12-19 | 20:00:00 | 21:00:00 | Red Hot Swing | Dance Victoria, 2750 Quadra St, Victoria, BC V8T 4E8, Canada |  | https://www.google.com/calendar/event?eid=bTZkbThhbjlsaTdtdWRrNzduNWRyY25obWVfMjAyNTEyMjBUMDQwMDAwWiA3OWNmcDNhc2Y3Ym9kOXE0aWNnYzRydHRub0Bn | social dance",0,5.8,False,29,
1343,Red Hot Swing w live band,"dance, live music, swing","Swing dancing with live music every Friday at Dance Victoria with Red Hot Swing. Intro class from 8-8:45 followed by social dancing to live music until 11:30. $18 entry, $15 for students https://www.redhotswing.com/",Friday,2026-01-09,2026-01-09,20:00:00,23:30:00,Victoria Latin Dance Association,"Dance Victoria, 2750 Quadra St, Victoria, BC V8T 4E8, Canada",18.0,https://www.google.com/calendar/event?eid=b2djYmR0cjlidDk3M2lwcTVzNTBmZm90bmxfMjAyNjAxMTBUMDQwMDAwWiAxN2RlMmNhNDNmNTI1Yzg3MDU4ZmZhZmUxZjAyMDZkYTgyYTE5ZDAwYTg1YTZhZTk3OWFkNmJiNjE4ZGNkOGFlQGc,"class, social dance",2628.0,2026-01-09 20:00:00,"Red Hot Swing w live band | dance, live music, swing | Swing dancing with live music every Friday at Dance Victoria with Red Hot Swing. Intro class from 8-8:45 followed by social dancing to live music until 11:30. $18 entry, $15 for students https://www.redhotswing.com/ | Friday | 2026-01-09 | 2026-01-09 | 20:00:00 | 23:30:00 | Victoria Latin Dance Association | Dance Victoria, 2750 Quadra St, Victoria, BC V8T 4E8, Canada | 18.0 | https://www.google.com/calendar/event?eid=b2djYmR0cjlidDk3M2lwcTVzNTBmZm90bmxfMjAyNjAxMTBUMDQwMDAwWiAxN2RlMmNhNDNmNTI1Yzg3MDU4ZmZhZmUxZjAyMDZkYTgyYTE5ZDAwYTg1YTZhZTk3OWFkNmJiNjE4ZGNkOGFlQGc | class, social dance",0,6.65,True,30,
656,Intro lesson,"dance, swing","If you are brand new to swing dancing, come join us for a drop-in introductory lesson before our Friday night social dance begins!",Friday,2026-01-09,2026-01-09,20:00:00,21:00:00,Red Hot Swing,"Dance Victoria, 2750 Quadra St, Victoria, BC V8T 4E8, Canada",,https://www.google.com/calendar/event?eid=bTZkbThhbjlsaTdtdWRrNzduNWRyY25obWVfMjAyNjAxMTBUMDQwMDAwWiA3OWNmcDNhc2Y3Ym9kOXE0aWNnYzRydHRub0Bn,social dance,2628.0,2026-01-09 20:00:00,"Intro lesson | dance, swing | If you are brand new to swing dancing, come join us for a drop-in introductory lesson before our Friday night social dance begins! | Friday | 2026-01-09 | 2026-01-09 | 20:00:00 | 21:00:00 | Red Hot Swing | Dance Victoria, 2750 Quadra St, Victoria, BC V8T 4E8, Canada |  | https://www.google.com/calendar/event?eid=bTZkbThhbjlsaTdtdWRrNzduNWRyY25obWVfMjAyNjAxMTBUMDQwMDAwWiA3OWNmcDNhc2Y3Ym9kOXE0aWNnYzRydHRub0Bn | social dance",0,5.8,False,30,
1351,Red Hot Swing w live band,"dance, live music, swing","Swing dancing with live music every Friday at Dance Victoria with Red Hot Swing. Intro class from 8-8:45 followed by social dancing to live music until 11:30. $18 entry, $15 for students https://www.redhotswing.com/",Friday,2026-01-16,2026-01-16,20:00:00,23:30:00,Victoria Latin Dance Association,"Dance Victoria, 2750 Quadra St, Victoria, BC V8T 4E8, Canada",18.0,https://www.google.com/calendar/event?eid=b2djYmR0cjlidDk3M2lwcTVzNTBmZm90bmxfMjAyNjAxMTdUMDQwMDAwWiAxN2RlMmNhNDNmNTI1Yzg3MDU4ZmZhZmUxZjAyMDZkYTgyYTE5ZDAwYTg1YTZhZTk3OWFkNmJiNjE4ZGNkOGFlQGc,"class, social dance",2628.0,2026-01-16 20:00:00,"Red Hot Swing w live band | dance, live music, swing | Swing dancing with live music every Friday at Dance Victoria with Red Hot Swing. Intro class from 8-8:45 followed by social dancing to live music until 11:30. $18 entry, $15 for students https://www.redhotswing.com/ | Friday | 2026-01-16 | 2026-01-16 | 20:00:00 | 23:30:00 | Victoria Latin Dance Association | Dance Victoria, 2750 Quadra St, Victoria, BC V8T 4E8, Canada | 18.0 | https://www.google.com/calendar/event?eid=b2djYmR0cjlidDk3M2lwcTVzNTBmZm90bmxfMjAyNjAxMTdUMDQwMDAwWiAxN2RlMmNhNDNmNTI1Yzg3MDU4ZmZhZmUxZjAyMDZkYTgyYTE5ZDAwYTg1YTZhZTk3OWFkNmJiNjE4ZGNkOGFlQGc | class, social dance",0,6.65,True,31,
659,Intro lesson,"dance, swing","If you are brand new to swing dancing, come join us for a drop-in introductory lesson before our Friday night social dance begins!",Friday,2026-01-16,2026-01-16,20:00:00,21:00:00,Red Hot Swing,"Dance Victoria, 2750 Quadra St, Victoria, BC V8T 4E8, Canada",,https://www.google.com/calendar/event?eid=bTZkbThhbjlsaTdtdWRrNzduNWRyY25obWVfMjAyNjAxMTdUMDQwMDAwWiA3OWNmcDNhc2Y3Ym9kOXE0aWNnYzRydHRub0Bn,social dance,2628.0,2026-01-16 20:00:00,"Intro lesson | dance, swing | If you are brand new to swing dancing, come join us for a drop-in introductory lesson before our Friday night social dance begins! | Friday | 2026-01-16 | 2026-01-16 | 20:00:00 | 21:00:00 | Red Hot Swing | Dance Victoria, 2750 Quadra St, Victoria, BC V8T 4E8, Canada |  | https://www.google.com/calendar/event?eid=bTZkbThhbjlsaTdtdWRrNzduNWRyY25obWVfMjAyNjAxMTdUMDQwMDAwWiA3OWNmcDNhc2Y3Ym9kOXE0aWNnYzRydHRub0Bn | social dance",0,5.8,False,31,
1359,Red Hot Swing w live band,"dance, live music, swing","Swing dancing with live music every Friday at Dance Victoria with Red Hot Swing. Intro class from 8-8:45 followed by social dancing to live music until 11:30. $18 entry, $15 for students https://www.redhotswing.com/",Friday,2026-01-23,2026-01-23,20:00:00,23:30:00,Victoria Latin Dance Association,"Dance Victoria, 2750 Quadra St, Victoria, BC V8T 4E8, Canada",18.0,https://www.google.com/calendar/event?eid=b2djYmR0cjlidDk3M2lwcTVzNTBmZm90bmxfMjAyNjAxMjRUMDQwMDAwWiAxN2RlMmNhNDNmNTI1Yzg3MDU4ZmZhZmUxZjAyMDZkYTgyYTE5ZDAwYTg1YTZhZTk3OWFkNmJiNjE4ZGNkOGFlQGc,"class, social dance",2628.0,2026-01-23 20:00:00,"Red Hot Swing w live band | dance, live music, swing | Swing dancing with live music every Friday at Dance Victoria with Red Hot Swing. Intro class from 8-8:45 followed by social dancing to live music until 11:30. $18 entry, $15 for students https://www.redhotswing.com/ | Friday | 2026-01-23 | 2026-01-23 | 20:00:00 | 23:30:00 | Victoria Latin Dance Association | Dance Victoria, 2750 Quadra St, Victoria, BC V8T 4E8, Canada | 18.0 | https://www.google.com/calendar/event?eid=b2djYmR0cjlidDk3M2lwcTVzNTBmZm90bmxfMjAyNjAxMjRUMDQwMDAwWiAxN2RlMmNhNDNmNTI1Yzg3MDU4ZmZhZmUxZjAyMDZkYTgyYTE5ZDAwYTg1YTZhZTk3OWFkNmJiNjE4ZGNkOGFlQGc | class, social dance",0,6.65,True,32,
662,Intro lesson,"dance, swing","If you are brand new to swing dancing, come join us for a drop-in introductory lesson before our Friday night social dance begins!",Friday,2026-01-23,2026-01-23,20:00:00,21:00:00,Red Hot Swing,"Dance Victoria, 2750 Quadra St, Victoria, BC V8T 4E8, Canada",,https://www.google.com/calendar/event?eid=bTZkbThhbjlsaTdtdWRrNzduNWRyY25obWVfMjAyNjAxMjRUMDQwMDAwWiA3OWNmcDNhc2Y3Ym9kOXE0aWNnYzRydHRub0Bn,social dance,2628.0,2026-01-23 20:00:00,"Intro lesson | dance, swing | If you are brand new to swing dancing, come join us for a drop-in introductory lesson before our Friday night social dance begins! | Friday | 2026-01-23 | 2026-01-23 | 20:00:00 | 21:00:00 | Red Hot Swing | Dance Victoria, 2750 Quadra St, Victoria, BC V8T 4E8, Canada |  | https://www.google.com/calendar/event?eid=bTZkbThhbjlsaTdtdWRrNzduNWRyY25obWVfMjAyNjAxMjRUMDQwMDAwWiA3OWNmcDNhc2Y3Ym9kOXE0aWNnYzRydHRub0Bn | social dance",0,5.8,False,32,
1364,Red Hot Swing w live band,"dance, live music, swing","Swing dancing with live music every Friday at Dance Victoria with Red Hot Swing. Intro class from 8-8:45 followed by social dancing to live music until 11:30. $18 entry, $15 for students https://www.redhotswing.com/",Friday,2026-01-30,2026-01-30,20:00:00,23:30:00,Victoria Latin Dance Association,"Dance Victoria, 2750 Quadra St, Victoria, BC V8T 4E8, Canada",18.0,https://www.google.com/calendar/event?eid=b2djYmR0cjlidDk3M2lwcTVzNTBmZm90bmxfMjAyNjAxMzFUMDQwMDAwWiAxN2RlMmNhNDNmNTI1Yzg3MDU4ZmZhZmUxZjAyMDZkYTgyYTE5ZDAwYTg1YTZhZTk3OWFkNmJiNjE4ZGNkOGFlQGc,"class, social dance",2628.0,2026-01-30 20:00:00,"Red Hot Swing w live band | dance, live music, swing | Swing dancing with live music every Friday at Dance Victoria with Red Hot Swing. Intro class from 8-8:45 followed by social dancing to live music until 11:30. $18 entry, $15 for students https://www.redhotswing.com/ | Friday | 2026-01-30 | 2026-01-30 | 20:00:00 | 23:30:00 | Victoria Latin Dance Association | Dance Victoria, 2750 Quadra St, Victoria, BC V8T 4E8, Canada | 18.0 | https://www.google.com/calendar/event?eid=b2djYmR0cjlidDk3M2lwcTVzNTBmZm90bmxfMjAyNjAxMzFUMDQwMDAwWiAxN2RlMmNhNDNmNTI1Yzg3MDU4ZmZhZmUxZjAyMDZkYTgyYTE5ZDAwYTg1YTZhZTk3OWFkNmJiNjE4ZGNkOGFlQGc | class, social dance",0,6.65,True,33,
668,Intro lesson,"dance, swing","If you are brand new to swing dancing, come join us for a drop-in introductory lesson before our Friday night social dance begins!",Friday,2026-01-30,2026-01-30,20:00:00,21:00:00,Red Hot Swing,"Dance Victoria, 2750 Quadra St, Victoria, BC V8T 4E8, Canada",,https://www.google.com/calendar/event?eid=bTZkbThhbjlsaTdtdWRrNzduNWRyY25obWVfMjAyNjAxMzFUMDQwMDAwWiA3OWNmcDNhc2Y3Ym9kOXE0aWNnYzRydHRub0Bn,social dance,2628.0,2026-01-30 20:00:00,"Intro lesson | dance, swing | If you are brand new to swing dancing, come join us for a drop-in introductory lesson before our Friday night social dance begins! | Friday | 2026-01-30 | 2026-01-30 | 20:00:00 | 21:00:00 | Red Hot Swing | Dance Victoria, 2750 Quadra St, Victoria, BC V8T 4E8, Canada |  | https://www.google.com/calendar/event?eid=bTZkbThhbjlsaTdtdWRrNzduNWRyY25obWVfMjAyNjAxMzFUMDQwMDAwWiA3OWNmcDNhc2Y3Ym9kOXE0aWNnYzRydHRub0Bn | social dance",0,5.8,False,33,
1370,Red Hot Swing w live band,"dance, live music, swing","Swing dancing with live music every Friday at Dance Victoria with Red Hot Swing. Intro class from 8-8:45 followed by social dancing to live music until 11:30. $18 entry, $15 for students https://www.redhotswing.com/",Friday,2026-02-06,2026-02-06,20:00:00,23:30:00,Victoria Latin Dance Association,"Dance Victoria, 2750 Quadra St, Victoria, BC V8T 4E8, Canada",18.0,https://www.google.com/calendar/event?eid=b2djYmR0cjlidDk3M2lwcTVzNTBmZm90bmxfMjAyNjAyMDdUMDQwMDAwWiAxN2RlMmNhNDNmNTI1Yzg3MDU4ZmZhZmUxZjAyMDZkYTgyYTE5ZDAwYTg1YTZhZTk3OWFkNmJiNjE4ZGNkOGFlQGc,"class, social dance",2628.0,2026-02-06 20:00:00,"Red Hot Swing w live band | dance, live music, swing | Swing dancing with live music every Friday at Dance Victoria with Red Hot Swing. Intro class from 8-8:45 followed by social dancing to live music until 11:30. $18 entry, $15 for students https://www.redhotswing.com/ | Friday | 2026-02-06 | 2026-02-06 | 20:00:00 | 23:30:00 | Victoria Latin Dance Association | Dance Victoria, 2750 Quadra St, Victoria, BC V8T 4E8, Canada | 18.0 | https://www.google.com/calendar/event?eid=b2djYmR0cjlidDk3M2lwcTVzNTBmZm90bmxfMjAyNjAyMDdUMDQwMDAwWiAxN2RlMmNhNDNmNTI1Yzg3MDU4ZmZhZmUxZjAyMDZkYTgyYTE5ZDAwYTg1YTZhZTk3OWFkNmJiNjE4ZGNkOGFlQGc | class, social dance",0,6.65,True,34,
670,Intro lesson,"dance, swing","If you are brand new to swing dancing, come join us for a drop-in introductory lesson before our Friday night social dance begins!",Friday,2026-02-06,2026-02-06,20:00:00,21:00:00,Red Hot Swing,"Dance Victoria, 2750 Quadra St, Victoria, BC V8T 4E8, Canada",,https://www.google.com/calendar/event?eid=bTZkbThhbjlsaTdtdWRrNzduNWRyY25obWVfMjAyNjAyMDdUMDQwMDAwWiA3OWNmcDNhc2Y3Ym9kOXE0aWNnYzRydHRub0Bn,social dance,2628.0,2026-02-06 20:00:00,"Intro lesson | dance, swing | If you are brand new to swing dancing, come join us for a drop-in introductory lesson before our Friday night social dance begins! | Friday | 2026-02-06 | 2026-02-06 | 20:00:00 | 21:00:00 | Red Hot Swing | Dance Victoria, 2750 Quadra St, Victoria, BC V8T 4E8, Canada |  | https://www.google.com/calendar/event?eid=bTZkbThhbjlsaTdtdWRrNzduNWRyY25obWVfMjAyNjAyMDdUMDQwMDAwWiA3OWNmcDNhc2Y3Ym9kOXE0aWNnYzRydHRub0Bn | social dance",0,5.8,False,34,
1376,Red Hot Swing w live band,"dance, live music, swing","Swing dancing with live music every Friday at Dance Victoria with Red Hot Swing. Intro class from 8-8:45 followed by social dancing to live music until 11:30. $18 entry, $15 for students https://www.redhotswing.com/",Friday,2026-02-13,2026-02-13,20:00:00,23:30:00,Victoria Latin Dance Association,"Dance Victoria, 2750 Quadra St, Victoria, BC V8T 4E8, Canada",18.0,https://www.google.com/calendar/event?eid=b2djYmR0cjlidDk3M2lwcTVzNTBmZm90bmxfMjAyNjAyMTRUMDQwMDAwWiAxN2RlMmNhNDNmNTI1Yzg3MDU4ZmZhZmUxZjAyMDZkYTgyYTE5ZDAwYTg1YTZhZTk3OWFkNmJiNjE4ZGNkOGFlQGc,"class, social dance",2628.0,2026-02-13 20:00:00,"Red Hot Swing w live band | dance, live music, swing | Swing dancing with live music every Friday at Dance Victoria with Red Hot Swing. Intro class from 8-8:45 followed by social dancing to live music until 11:30. $18 entry, $15 for students https://www.redhotswing.com/ | Friday | 2026-02-13 | 2026-02-13 | 20:00:00 | 23:30:00 | Victoria Latin Dance Association | Dance Victoria, 2750 Quadra St, Victoria, BC V8T 4E8, Canada | 18.0 | https://www.google.com/calendar/event?eid=b2djYmR0cjlidDk3M2lwcTVzNTBmZm90bmxfMjAyNjAyMTRUMDQwMDAwWiAxN2RlMmNhNDNmNTI1Yzg3MDU4ZmZhZmUxZjAyMDZkYTgyYTE5ZDAwYTg1YTZhZTk3OWFkNmJiNjE4ZGNkOGFlQGc | class, social dance",0,6.65,True,35,
673,Intro lesson,"dance, swing","If you are brand new to swing dancing, come join us for a drop-in introductory lesson before our Friday night social dance begins!",Friday,2026-02-13,2026-02-13,20:00:00,21:00:00,Red Hot Swing,"Dance Victoria, 2750 Quadra St, Victoria, BC V8T 4E8, Canada",,https://www.google.com/calendar/event?eid=bTZkbThhbjlsaTdtdWRrNzduNWRyY25obWVfMjAyNjAyMTRUMDQwMDAwWiA3OWNmcDNhc2Y3Ym9kOXE0aWNnYzRydHRub0Bn,social dance,2628.0,2026-02-13 20:00:00,"Intro lesson | dance, swing | If you are brand new to swing dancing, come join us for a drop-in introductory lesson before our Friday night social dance begins! | Friday | 2026-02-13 | 2026-02-13 | 20:00:00 | 21:00:00 | Red Hot Swing | Dance Victoria, 2750 Quadra St, Victoria, BC V8T 4E8, Canada |  | https://www.google.com/calendar/event?eid=bTZkbThhbjlsaTdtdWRrNzduNWRyY25obWVfMjAyNjAyMTRUMDQwMDAwWiA3OWNmcDNhc2Y3Ym9kOXE0aWNnYzRydHRub0Bn | social dance",0,5.8,False,35,
1385,Red Hot Swing w live band,"dance, live music, swing","Swing dancing with live music every Friday at Dance Victoria with Red Hot Swing. Intro class from 8-8:45 followed by social dancing to live music until 11:30. $18 entry, $15 for students https://www.redhotswing.com/",Friday,2026-02-20,2026-02-20,20:00:00,23:30:00,Victoria Latin Dance Association,"Dance Victoria, 2750 Quadra St, Victoria, BC V8T 4E8, Canada",18.0,https://www.google.com/calendar/event?eid=b2djYmR0cjlidDk3M2lwcTVzNTBmZm90bmxfMjAyNjAyMjFUMDQwMDAwWiAxN2RlMmNhNDNmNTI1Yzg3MDU4ZmZhZmUxZjAyMDZkYTgyYTE5ZDAwYTg1YTZhZTk3OWFkNmJiNjE4ZGNkOGFlQGc,"class, social dance",2628.0,2026-02-20 20:00:00,"Red Hot Swing w live band | dance, live music, swing | Swing dancing with live music every Friday at Dance Victoria with Red Hot Swing. Intro class from 8-8:45 followed by social dancing to live music until 11:30. $18 entry, $15 for students https://www.redhotswing.com/ | Friday | 2026-02-20 | 2026-02-20 | 20:00:00 | 23:30:00 | Victoria Latin Dance Association | Dance Victoria, 2750 Quadra St, Victoria, BC V8T 4E8, Canada | 18.0 | https://www.google.com/calendar/event?eid=b2djYmR0cjlidDk3M2lwcTVzNTBmZm90bmxfMjAyNjAyMjFUMDQwMDAwWiAxN2RlMmNhNDNmNTI1Yzg3MDU4ZmZhZmUxZjAyMDZkYTgyYTE5ZDAwYTg1YTZhZTk3OWFkNmJiNjE4ZGNkOGFlQGc | class, social dance",0,6.65,True,36,
676,Intro lesson,"dance, swing","If you are brand new to swing dancing, come join us for a drop-in introductory lesson before our Friday night social dance begins!",Friday,2026-02-20,2026-02-20,20:00:00,21:00:00,Red Hot Swing,"Dance Victoria, 2750 Quadra St, Victoria, BC V8T 4E8, Canada",,https://www.google.com/calendar/event?eid=bTZkbThhbjlsaTdtdWRrNzduNWRyY25obWVfMjAyNjAyMjFUMDQwMDAwWiA3OWNmcDNhc2Y3Ym9kOXE0aWNnYzRydHRub0Bn,social dance,2628.0,2026-02-20 20:00:00,"Intro lesson | dance, swing | If you are brand new to swing dancing, come join us for a drop-in introductory lesson before our Friday night social dance begins! | Friday | 2026-02-20 | 2026-02-20 | 20:00:00 | 21:00:00 | Red Hot Swing | Dance Victoria, 2750 Quadra St, Victoria, BC V8T 4E8, Canada |  | https://www.google.com/calendar/event?eid=bTZkbThhbjlsaTdtdWRrNzduNWRyY25obWVfMjAyNjAyMjFUMDQwMDAwWiA3OWNmcDNhc2Y3Ym9kOXE0aWNnYzRydHRub0Bn | social dance",0,5.8,False,36,
1392,Red Hot Swing w live band,"dance, live music, swing","Swing dancing with live music every Friday at Dance Victoria with Red Hot Swing. Intro class from 8-8:45 followed by social dancing to live music until 11:30. $18 entry, $15 for students https://www.redhotswing.com/",Friday,2026-02-27,2026-02-27,20:00:00,23:30:00,Victoria Latin Dance Association,"Dance Victoria, 2750 Quadra St, Victoria, BC V8T 4E8, Canada",18.0,https://www.google.com/calendar/event?eid=b2djYmR0cjlidDk3M2lwcTVzNTBmZm90bmxfMjAyNjAyMjhUMDQwMDAwWiAxN2RlMmNhNDNmNTI1Yzg3MDU4ZmZhZmUxZjAyMDZkYTgyYTE5ZDAwYTg1YTZhZTk3OWFkNmJiNjE4ZGNkOGFlQGc,"class, social dance",2628.0,2026-02-27 20:00:00,"Red Hot Swing w live band | dance, live music, swing | Swing dancing with live music every Friday at Dance Victoria with Red Hot Swing. Intro class from 8-8:45 followed by social dancing to live music until 11:30. $18 entry, $15 for students https://www.redhotswing.com/ | Friday | 2026-02-27 | 2026-02-27 | 20:00:00 | 23:30:00 | Victoria Latin Dance Association | Dance Victoria, 2750 Quadra St, Victoria, BC V8T 4E8, Canada | 18.0 | https://www.google.com/calendar/event?eid=b2djYmR0cjlidDk3M2lwcTVzNTBmZm90bmxfMjAyNjAyMjhUMDQwMDAwWiAxN2RlMmNhNDNmNTI1Yzg3MDU4ZmZhZmUxZjAyMDZkYTgyYTE5ZDAwYTg1YTZhZTk3OWFkNmJiNjE4ZGNkOGFlQGc | class, social dance",0,6.65,True,37,
682,Intro lesson,"dance, swing","If you are brand new to swing dancing, come join us for a drop-in introductory lesson before our Friday night social dance begins!",Friday,2026-02-27,2026-02-27,20:00:00,21:00:00,Red Hot Swing,"Dance Victoria, 2750 Quadra St, Victoria, BC V8T 4E8, Canada",,https://www.google.com/calendar/event?eid=bTZkbThhbjlsaTdtdWRrNzduNWRyY25obWVfMjAyNjAyMjhUMDQwMDAwWiA3OWNmcDNhc2Y3Ym9kOXE0aWNnYzRydHRub0Bn,social dance,2628.0,2026-02-27 20:00:00,"Intro lesson | dance, swing | If you are brand new to swing dancing, come join us for a drop-in introductory lesson before our Friday night social dance begins! | Friday | 2026-02-27 | 2026-02-27 | 20:00:00 | 21:00:00 | Red Hot Swing | Dance Victoria, 2750 Quadra St, Victoria, BC V8T 4E8, Canada |  | https://www.google.com/calendar/event?eid=bTZkbThhbjlsaTdtdWRrNzduNWRyY25obWVfMjAyNjAyMjhUMDQwMDAwWiA3OWNmcDNhc2Y3Ym9kOXE0aWNnYzRydHRub0Bn | social dance",0,5.8,False,37,
1399,Red Hot Swing w live band,"dance, live music, swing","Swing dancing with live music every Friday at Dance Victoria with Red Hot Swing. Intro class from 8-8:45 followed by social dancing to live music until 11:30. $18 entry, $15 for students https://www.redhotswing.com/",Friday,2026-03-06,2026-03-06,20:00:00,23:30:00,Victoria Latin Dance Association,"Dance Victoria, 2750 Quadra St, Victoria, BC V8T 4E8, Canada",18.0,https://www.google.com/calendar/event?eid=b2djYmR0cjlidDk3M2lwcTVzNTBmZm90bmxfMjAyNjAzMDdUMDQwMDAwWiAxN2RlMmNhNDNmNTI1Yzg3MDU4ZmZhZmUxZjAyMDZkYTgyYTE5ZDAwYTg1YTZhZTk3OWFkNmJiNjE4ZGNkOGFlQGc,"class, social dance",2628.0,2026-03-06 20:00:00,"Red Hot Swing w live band | dance, live music, swing | Swing dancing with live music every Friday at Dance Victoria with Red Hot Swing. Intro class from 8-8:45 followed by social dancing to live music until 11:30. $18 entry, $15 for students https://www.redhotswing.com/ | Friday | 2026-03-06 | 2026-03-06 | 20:00:00 | 23:30:00 | Victoria Latin Dance Association | Dance Victoria, 2750 Quadra St, Victoria, BC V8T 4E8, Canada | 18.0 | https://www.google.com/calendar/event?eid=b2djYmR0cjlidDk3M2lwcTVzNTBmZm90bmxfMjAyNjAzMDdUMDQwMDAwWiAxN2RlMmNhNDNmNTI1Yzg3MDU4ZmZhZmUxZjAyMDZkYTgyYTE5ZDAwYTg1YTZhZTk3OWFkNmJiNjE4ZGNkOGFlQGc | class, social dance",0,6.65,True,38,
685,Intro lesson,"dance, swing","If you are brand new to swing dancing, come join us for a drop-in introductory lesson before our Friday night social dance begins!",Friday,2026-03-06,2026-03-06,20:00:00,21:00:00,Red Hot Swing,"Dance Victoria, 2750 Quadra St, Victoria, BC V8T 4E8, Canada",,https://www.google.com/calendar/event?eid=bTZkbThhbjlsaTdtdWRrNzduNWRyY25obWVfMjAyNjAzMDdUMDQwMDAwWiA3OWNmcDNhc2Y3Ym9kOXE0aWNnYzRydHRub0Bn,social dance,2628.0,2026-03-06 20:00:00,"Intro lesson | dance, swing | If you are brand new to swing dancing, come join us for a drop-in introductory lesson before our Friday night social dance begins! | Friday | 2026-03-06 | 2026-03-06 | 20:00:00 | 21:00:00 | Red Hot Swing | Dance Victoria, 2750 Quadra St, Victoria, BC V8T 4E8, Canada |  | https://www.google.com/calendar/event?eid=bTZkbThhbjlsaTdtdWRrNzduNWRyY25obWVfMjAyNjAzMDdUMDQwMDAwWiA3OWNmcDNhc2Y3Ym9kOXE0aWNnYzRydHRub0Bn | social dance",0,5.8,False,38,
1405,Red Hot Swing w live band,"dance, live music, swing","Swing dancing with live music every Friday at Dance Victoria with Red Hot Swing. Intro class from 8-8:45 followed by social dancing to live music until 11:30. $18 entry, $15 for students https://www.redhotswing.com/",Friday,2026-03-13,2026-03-13,20:00:00,23:30:00,Victoria Latin Dance Association,"Dance Victoria, 2750 Quadra St, Victoria, BC V8T 4E8, Canada",18.0,https://www.google.com/calendar/event?eid=b2djYmR0cjlidDk3M2lwcTVzNTBmZm90bmxfMjAyNjAzMTRUMDMwMDAwWiAxN2RlMmNhNDNmNTI1Yzg3MDU4ZmZhZmUxZjAyMDZkYTgyYTE5ZDAwYTg1YTZhZTk3OWFkNmJiNjE4ZGNkOGFlQGc,"class, social dance",2628.0,2026-03-13 20:00:00,"Red Hot Swing w live band | dance, live music, swing | Swing dancing with live music every Friday at Dance Victoria with Red Hot Swing. Intro class from 8-8:45 followed by social dancing to live music until 11:30. $18 entry, $15 for students https://www.redhotswing.com/ | Friday | 2026-03-13 | 2026-03-13 | 20:00:00 | 23:30:00 | Victoria Latin Dance Association | Dance Victoria, 2750 Quadra St, Victoria, BC V8T 4E8, Canada | 18.0 | https://www.google.com/calendar/event?eid=b2djYmR0cjlidDk3M2lwcTVzNTBmZm90bmxfMjAyNjAzMTRUMDMwMDAwWiAxN2RlMmNhNDNmNTI1Yzg3MDU4ZmZhZmUxZjAyMDZkYTgyYTE5ZDAwYTg1YTZhZTk3OWFkNmJiNjE4ZGNkOGFlQGc | class, social dance",0,6.65,True,39,
688,Intro lesson,"dance, swing","If you are brand new to swing dancing, come join us for a drop-in introductory lesson before our Friday night social dance begins!",Friday,2026-03-13,2026-03-13,20:00:00,21:00:00,Red Hot Swing,"Dance Victoria, 2750 Quadra St, Victoria, BC V8T 4E8, Canada",,https://www.google.com/calendar/event?eid=bTZkbThhbjlsaTdtdWRrNzduNWRyY25obWVfMjAyNjAzMTRUMDMwMDAwWiA3OWNmcDNhc2Y3Ym9kOXE0aWNnYzRydHRub0Bn,social dance,2628.0,2026-03-13 20:00:00,"Intro lesson | dance, swing | If you are brand new to swing dancing, come join us for a drop-in introductory lesson before our Friday night social dance begins! | Friday | 2026-03-13 | 2026-03-13 | 20:00:00 | 21:00:00 | Red Hot Swing | Dance Victoria, 2750 Quadra St, Victoria, BC V8T 4E8, Canada |  | https://www.google.com/calendar/event?eid=bTZkbThhbjlsaTdtdWRrNzduNWRyY25obWVfMjAyNjAzMTRUMDMwMDAwWiA3OWNmcDNhc2Y3Ym9kOXE0aWNnYzRydHRub0Bn | social dance",0,5.8,False,39,
1414,Red Hot Swing w live band,"dance, live music, swing","Swing dancing with live music every Friday at Dance Victoria with Red Hot Swing. Intro class from 8-8:45 followed by social dancing to live music until 11:30. $18 entry, $15 for students https://www.redhotswing.com/",Friday,2026-03-20,2026-03-20,20:00:00,23:30:00,Victoria Latin Dance Association,"Dance Victoria, 2750 Quadra St, Victoria, BC V8T 4E8, Canada",18.0,https://www.google.com/calendar/event?eid=b2djYmR0cjlidDk3M2lwcTVzNTBmZm90bmxfMjAyNjAzMjFUMDMwMDAwWiAxN2RlMmNhNDNmNTI1Yzg3MDU4ZmZhZmUxZjAyMDZkYTgyYTE5ZDAwYTg1YTZhZTk3OWFkNmJiNjE4ZGNkOGFlQGc,"class, social dance",2628.0,2026-03-20 20:00:00,"Red Hot Swing w live band | dance, live music, swing | Swing dancing with live music every Friday at Dance Victoria with Red Hot Swing. Intro class from 8-8:45 followed by social dancing to live music until 11:30. $18 entry, $15 for students https://www.redhotswing.com/ | Friday | 2026-03-20 | 2026-03-20 | 20:00:00 | 23:30:00 | Victoria Latin Dance Association | Dance Victoria, 2750 Quadra St, Victoria, BC V8T 4E8, Canada | 18.0 | https://www.google.com/calendar/event?eid=b2djYmR0cjlidDk3M2lwcTVzNTBmZm90bmxfMjAyNjAzMjFUMDMwMDAwWiAxN2RlMmNhNDNmNTI1Yzg3MDU4ZmZhZmUxZjAyMDZkYTgyYTE5ZDAwYTg1YTZhZTk3OWFkNmJiNjE4ZGNkOGFlQGc | class, social dance",0,6.65,True,40,
691,Intro lesson,"dance, swing","If you are brand new to swing dancing, come join us for a drop-in introductory lesson before our Friday night social dance begins!",Friday,2026-03-20,2026-03-20,20:00:00,21:00:00,Red Hot Swing,"Dance Victoria, 2750 Quadra St, Victoria, BC V8T 4E8, Canada",,https://www.google.com/calendar/event?eid=bTZkbThhbjlsaTdtdWRrNzduNWRyY25obWVfMjAyNjAzMjFUMDMwMDAwWiA3OWNmcDNhc2Y3Ym9kOXE0aWNnYzRydHRub0Bn,social dance,2628.0,2026-03-20 20:00:00,"Intro lesson | dance, swing | If you are brand new to swing dancing, come join us for a drop-in introductory lesson before our Friday night social dance begins! | Friday | 2026-03-20 | 2026-03-20 | 20:00:00 | 21:00:00 | Red Hot Swing | Dance Victoria, 2750 Quadra St, Victoria, BC V8T 4E8, Canada |  | https://www.google.com/calendar/event?eid=bTZkbThhbjlsaTdtdWRrNzduNWRyY25obWVfMjAyNjAzMjFUMDMwMDAwWiA3OWNmcDNhc2Y3Ym9kOXE0aWNnYzRydHRub0Bn | social dance",0,5.8,False,40,
1421,Red Hot Swing w live band,"dance, live music, swing","Swing dancing with live music every Friday at Dance Victoria with Red Hot Swing. Intro class from 8-8:45 followed by social dancing to live music until 11:30. $18 entry, $15 for students https://www.redhotswing.com/",Friday,2026-03-27,2026-03-27,20:00:00,23:30:00,Victoria Latin Dance Association,"Dance Victoria, 2750 Quadra St, Victoria, BC V8T 4E8, Canada",18.0,https://www.google.com/calendar/event?eid=b2djYmR0cjlidDk3M2lwcTVzNTBmZm90bmxfMjAyNjAzMjhUMDMwMDAwWiAxN2RlMmNhNDNmNTI1Yzg3MDU4ZmZhZmUxZjAyMDZkYTgyYTE5ZDAwYTg1YTZhZTk3OWFkNmJiNjE4ZGNkOGFlQGc,"class, social dance",2628.0,2026-03-27 20:00:00,"Red Hot Swing w live band | dance, live music, swing | Swing dancing with live music every Friday at Dance Victoria with Red Hot Swing. Intro class from 8-8:45 followed by social dancing to live music until 11:30. $18 entry, $15 for students https://www.redhotswing.com/ | Friday | 2026-03-27 | 2026-03-27 | 20:00:00 | 23:30:00 | Victoria Latin Dance Association | Dance Victoria, 2750 Quadra St, Victoria, BC V8T 4E8, Canada | 18.0 | https://www.google.com/calendar/event?eid=b2djYmR0cjlidDk3M2lwcTVzNTBmZm90bmxfMjAyNjAzMjhUMDMwMDAwWiAxN2RlMmNhNDNmNTI1Yzg3MDU4ZmZhZmUxZjAyMDZkYTgyYTE5ZDAwYTg1YTZhZTk3OWFkNmJiNjE4ZGNkOGFlQGc | class, social dance",0,6.65,True,41,
697,Intro lesson,"dance, swing","If you are brand new to swing dancing, come join us for a drop-in introductory lesson before our Friday night social dance begins!",Friday,2026-03-27,2026-03-27,20:00:00,21:00:00,Red Hot Swing,"Dance Victoria, 2750 Quadra St, Victoria, BC V8T 4E8, Canada",,https://www.google.com/calendar/event?eid=bTZkbThhbjlsaTdtdWRrNzduNWRyY25obWVfMjAyNjAzMjhUMDMwMDAwWiA3OWNmcDNhc2Y3Ym9kOXE0aWNnYzRydHRub0Bn,social dance,2628.0,2026-03-27 20:00:00,"Intro lesson | dance, swing | If you are brand new to swing dancing, come join us for a drop-in introductory lesson before our Friday night social dance begins! | Friday | 2026-03-27 | 2026-03-27 | 20:00:00 | 21:00:00 | Red Hot Swing | Dance Victoria, 2750 Quadra St, Victoria, BC V8T 4E8, Canada |  | https://www.google.com/calendar/event?eid=bTZkbThhbjlsaTdtdWRrNzduNWRyY25obWVfMjAyNjAzMjhUMDMwMDAwWiA3OWNmcDNhc2Y3Ym9kOXE0aWNnYzRydHRub0Bn | social dance",0,5.8,False,41,
1427,Red Hot Swing w live band,"dance, live music, swing","Swing dancing with live music every Friday at Dance Victoria with Red Hot Swing. Intro class from 8-8:45 followed by social dancing to live music until 11:30. $18 entry, $15 for students https://www.redhotswing.com/",Friday,2026-04-03,2026-04-03,20:00:00,23:30:00,Victoria Latin Dance Association,"Dance Victoria, 2750 Quadra St, Victoria, BC V8T 4E8, Canada",18.0,https://www.google.com/calendar/event?eid=b2djYmR0cjlidDk3M2lwcTVzNTBmZm90bmxfMjAyNjA0MDRUMDMwMDAwWiAxN2RlMmNhNDNmNTI1Yzg3MDU4ZmZhZmUxZjAyMDZkYTgyYTE5ZDAwYTg1YTZhZTk3OWFkNmJiNjE4ZGNkOGFlQGc,"class, social dance",2628.0,2026-04-03 20:00:00,"Red Hot Swing w live band | dance, live music, swing | Swing dancing with live music every Friday at Dance Victoria with Red Hot Swing. Intro class from 8-8:45 followed by social dancing to live music until 11:30. $18 entry, $15 for students https://www.redhotswing.com/ | Friday | 2026-04-03 | 2026-04-03 | 20:00:00 | 23:30:00 | Victoria Latin Dance Association | Dance Victoria, 2750 Quadra St, Victoria, BC V8T 4E8, Canada | 18.0 | https://www.google.com/calendar/event?eid=b2djYmR0cjlidDk3M2lwcTVzNTBmZm90bmxfMjAyNjA0MDRUMDMwMDAwWiAxN2RlMmNhNDNmNTI1Yzg3MDU4ZmZhZmUxZjAyMDZkYTgyYTE5ZDAwYTg1YTZhZTk3OWFkNmJiNjE4ZGNkOGFlQGc | class, social dance",0,6.65,True,42,
700,Intro lesson,"dance, swing","If you are brand new to swing dancing, come join us for a drop-in introductory lesson before our Friday night social dance begins!",Friday,2026-04-03,2026-04-03,20:00:00,21:00:00,Red Hot Swing,"Dance Victoria, 2750 Quadra St, Victoria, BC V8T 4E8, Canada",,https://www.google.com/calendar/event?eid=bTZkbThhbjlsaTdtdWRrNzduNWRyY25obWVfMjAyNjA0MDRUMDMwMDAwWiA3OWNmcDNhc2Y3Ym9kOXE0aWNnYzRydHRub0Bn,social dance,2628.0,2026-04-03 20:00:00,"Intro lesson | dance, swing | If you are brand new to swing dancing, come join us for a drop-in introductory lesson before our Friday night social dance begins! | Friday | 2026-04-03 | 2026-04-03 | 20:00:00 | 21:00:00 | Red Hot Swing | Dance Victoria, 2750 Quadra St, Victoria, BC V8T 4E8, Canada |  | https://www.google.com/calendar/event?eid=bTZkbThhbjlsaTdtdWRrNzduNWRyY25obWVfMjAyNjA0MDRUMDMwMDAwWiA3OWNmcDNhc2Y3Ym9kOXE0aWNnYzRydHRub0Bn | social dance",0,5.8,False,42,
