query,event_id,location,title,snippet,regex
"Please give me the the full and complete address for Beacon Park Sidney in Victoria, BC, Canada including the postal code.",4997,Beacon Park Sidney,2023-2024 Federal School Code List- 1st Quarter,School Code. School Name. Address. City. State Code. Zip Code. Province. Country. Postal Code. B04724. WIDENER UNIVERSITY - DELAWARE LAW SCHOOL.,
"Please give me the the full and complete address for Beacon Park Sidney in Victoria, BC, Canada including the postal code.",4997,Beacon Park Sidney,Where to Buy,"913 Government Street. Victoria, BC V8W 1X5. (250) 881-8771. STORE HOURS ... Saturday, 10am - 5pm. Rogers' Retail Store. Sidney. British Columbia. 2423 Beacon Ave.",
"Please give me the the full and complete address for Beacon Park Sidney in Victoria, BC, Canada including the postal code.",4997,Beacon Park Sidney,Source Master List Sorted By ZIP Code ZIP Code: 40083,... PARK. OAKLAND. Other. P1217. AVANCEZ HIGHLAND PARK. 1430 E 10 MILE ROAD. HAZEL PARK. OAKLAND. Other · PTI. U631501656. CAPITAL SALES COMPANY. 1471 E. NINE MILE ...,
"Please give me the the full and complete address for Beacon Park Sidney in Victoria, BC, Canada including the postal code.",4997,Beacon Park Sidney,Best of Victoria for young kids (on a budget) : r/VictoriaBC,"Apr 8, 2022 ... ... Victoria with children just-2 years old and almost-4 years old. Please give me some recommendations for activities, favourite beaches/parks ...",
"Please give me the the full and complete address for Beacon Park Sidney in Victoria, BC, Canada including the postal code.",4997,Beacon Park Sidney,Victoria - 1075 Meares Street | Let's Talk Housing BC,"Mar 11, 2025 ... BC Housing and Beacon Community Services are pleased to announce the opening of 1075 Meares Street in Victoria on October 24, 2023.",
"Please give me the the full and complete address for Beacon Park Sidney in Victoria, BC, Canada including the postal code.",4997,Beacon Park Sidney,Find a post office | Canada Post,"Find a Post Office. Find the nearest post office by entering your address, city and province or postal code. Full address or postal code.",
"Please give me the the full and complete address for Beacon Park Sidney in Victoria, BC, Canada including the postal code.",4997,Beacon Park Sidney,Find A Branch | Coast Capital Savings,"Full Service Branches ; Fleetwood. Unit 102, 9014-152nd Street, Surrey BC Canada V3R 4E7. Sunday and Monday Closed. Tuesday to Friday 9:30am-7pm. Saturday 9:30am ...",
"Please give me the the full and complete address for Beacon Park Sidney in Victoria, BC, Canada including the postal code.",4997,Beacon Park Sidney,Canada Post: Mailing and shipping for Personal and Business,"Mail letters, ship parcels, market your business and sell online with Canada Post. We offer services for individuals and services for businesses of all ...",
"Please give me the the full and complete address for Beacon Park Sidney in Victoria, BC, Canada including the postal code.",4997,Beacon Park Sidney,Hotels in Victoria BC - DoubleTree Hotel & Suites Victoria,"Beacon Hill Park & Petting Zoo. 0.40 kilometers. Inner Harbour. 0.40 ... 777 Douglas Street, Victoria, British Columbia, V8W 2B5, Canada. Directions ...",
"Please give me the the full and complete address for Beacon Park Sidney in Victoria, BC, Canada including the postal code.",4997,Beacon Park Sidney,e-Title Certified Lienholders*,Lienholder Name. Lienholder ID. Address Line 1. Address Line 2. City. State. Zip Code. H&E Telephone FCU. 23724141000. 201 W Passaic St.,
"Please give me the the full and complete address for Beckwith Park in Victoria, BC, Canada including the postal code.",5046,Beckwith Park,best childrens parks : r/VictoriaBC,"Jun 24, 2023 ... Beckwith Park is nice!! It has a splash pad, large playgrounds (for big and little children), giant fields and washrooms. Cadboro-Gyro Park is ...",
"Please give me the the full and complete address for Beckwith Park in Victoria, BC, Canada including the postal code.",5046,Beckwith Park,Hotel Finder | Our Locations | Fairfield Inn & Suites,"Find a Fairfield Inn & Suites near you, with a choice of more than 950 locations across the globe. Search our hotels now and discover your next destination.",
"Please give me the the full and complete address for Beckwith Park in Victoria, BC, Canada including the postal code.",5046,Beckwith Park,Best Playgrounds : r/VictoriaBC,"Feb 28, 2021 ... Trying to have a good day outside with my daughter, where's your playground recommendations? Daughter is 7 Thanks for any help.",
"Please give me the the full and complete address for Beckwith Park in Victoria, BC, Canada including the postal code.",5046,Beckwith Park,Convergint Global Locations,Explore Convergint's global office locations. Bringing innovative security solutions to communities worldwide. Find us near you.,
"Please give me the the full and complete address for Beckwith Park in Victoria, BC, Canada including the postal code.",5046,Beckwith Park,Call Us 800-233-6847 | Elevator Companies Near Me | Otis USA,The OTISLINE call center is here for you. This service puts you in touch with experts trained in every aspect of your system's operation and what to do when ...,
"Please give me the the full and complete address for Beckwith Park in Victoria, BC, Canada including the postal code.",5046,Beckwith Park,Home - University of Victoria,"Graduate studies. UVic is home to over 3,500 students studying in over 160 graduate programs, with a reputation for quality and innovation that's respected ...",
"Please give me the the full and complete address for Beckwith Park in Victoria, BC, Canada including the postal code.",5046,Beckwith Park,Curbside Recycling | Capital Regional District,"Curbside Recycling · have your recyclables at the curb by 7:30am on your collection day, and · use at least one CRD blue box or blue bag to let the driver know ...",
"Please give me the the full and complete address for Beckwith Park in Victoria, BC, Canada including the postal code.",5046,Beckwith Park,Grand Park Hotel Vancouver Airport | Hotels Near Vancouver Airport ...,"The Grand Park Hotel Vancouver Airport offers accommodation near Vancouver Airport YVR. Close to Lansdowne Mall, enjoy modern amenities with an easy airport ...",
"Please give me the the full and complete address for Beckwith Park in Victoria, BC, Canada including the postal code.",5046,Beckwith Park,Physician Name Phone Fax Street Suite City State Zip Specialty ...,"... please send an email to: medicalstaffoffice2@urmc.rochester.edu. Page: 1 ... PARK. NY. 12065. PEDIATRIC NEUROLOGY. ABRAHAM,MICHAEL C. 315-429-3996. 315-429 ...",
"Please give me the the full and complete address for Beckwith Park in Victoria, BC, Canada including the postal code.",5046,Beckwith Park,EV Charging Stations For The US And Canada | FLO,"FLO is a leader in electric vehicle charging, offering a selection of reliable EV charging stations and a coast-to-coast network with 98% uptime.",
"Please give me the the full and complete address for Big Fernwood Stage in Victoria, BC, Canada including the postal code.",4888,Big Fernwood Stage,Portland Community College,Flexibility to meet your needs. You can complete your education at PCC or move on to a 4-year college or university. 61% of students enroll part-time ...,
"Please give me the the full and complete address for Big Fernwood Stage in Victoria, BC, Canada including the postal code.",4888,Big Fernwood Stage,Has anyone used Parcel Broker to send a box to the UK? Canada ...,"Jan 2, 2025 ... Has anyone used Parcel Broker to send a box to the UK? Canada Post/UPS prices are giving me a coronary…",
"Please give me the the full and complete address for Big Fernwood Stage in Victoria, BC, Canada including the postal code.",4888,Big Fernwood Stage,COVID-19 street reallocation in mid-sized Canadian cities: socio ...,"Street reallocation interventions in three Canadian mid-sized cities: Victoria (British Columbia), Kelowna (British Columbia), and Halifax (Nova Scotia) ...",
"Please give me the the full and complete address for Big Fernwood Stage in Victoria, BC, Canada including the postal code.",4888,Big Fernwood Stage,Victoria Schools Shine at UVic's Victoria Sings Event,"Mar 7, 2025 ... Both Macaulay Elementary and Esquimalt High lit up the stage last night at Uvic for Victoria sings! There was lots of seats available so ...",
"Please give me the the full and complete address for Big Fernwood Stage in Victoria, BC, Canada including the postal code.",4888,Big Fernwood Stage,Vendor Name Vendor Type Vendor Address Vendor Contact Vendor ...,"1410-1188 W.GEORGIA STREET VANCOUVER,BC CA V6E. JEFF LACEY. 877-603-2830 ... Professional Corporation 1101 6TH STREET, S.W C\O ARENA STAGE WASHINGTON,DC US 20024.",
"Please give me the the full and complete address for Big Fernwood Stage in Victoria, BC, Canada including the postal code.",4888,Big Fernwood Stage,BC Demographic Survey - Technical Report,"These included first and last name and date of birth. Respondents were encouraged to provide their address, including postal code or community name, unless they ...",
"Please give me the the full and complete address for Big Fernwood Stage in Victoria, BC, Canada including the postal code.",4888,Big Fernwood Stage,"People who've moved from Victoria to Langford, how would you ...","Mar 19, 2024 ... 44 votes, 114 comments. So, we're looking for a new place to live, and as much as I love Victoria (which is a lot - Fernwood specifically ...",
"Please give me the the full and complete address for Big Fernwood Stage in Victoria, BC, Canada including the postal code.",4888,Big Fernwood Stage,Blog — Fernwood Reno,"Jun 28, 2021 ... I am posting from Miami where Claire is recuperating. Meanwhile …back in Victoria - Elysia has taken some beautiful shots of the wildflower ...",
"Please give me the the full and complete address for Big Fernwood Stage in Victoria, BC, Canada including the postal code.",4888,Big Fernwood Stage,What is the climate in Victoria really like? : r/VictoriaBC,"Jul 20, 2023 ... I've lived in Eastern Canada my whole life. All I've ever known is humidity, temperature extremes, occasional storms (rain, snow, ...",
"Please give me the the full and complete address for Big Fernwood Stage in Victoria, BC, Canada including the postal code.",4888,Big Fernwood Stage,FernwoodNRG | Three days until FernFest!!! | Instagram,6 days ago ... ... bigger with the addition of the new Big Fernwood stage!!! Come check ... We're teaming up with our friends at LampPost Victoria to bring you a ...,
"Please give me the the full and complete address for BlueShore Financial Centre for the Performing Arts in Victoria, BC, Canada including the postal code.",403,BlueShore Financial Centre for the Performing Arts,Our History - Capilano University,"In collaboration with B.C. Open University, Capilano College offered a ... 1997: BlueShore Financial Centre for the Performing Arts opens. The 372-seat ...",
"Please give me the the full and complete address for BlueShore Financial Centre for the Performing Arts in Victoria, BC, Canada including the postal code.",403,BlueShore Financial Centre for the Performing Arts,Listing of Companies Summary,"Dec 16, 2024 ... ... with their NAIC company code, group code, statement type, company status and state of domicile. Alien insurers are listed with their alien.",
"Please give me the the full and complete address for BlueShore Financial Centre for the Performing Arts in Victoria, BC, Canada including the postal code.",403,BlueShore Financial Centre for the Performing Arts,Contact Us - Capilano University,Come and learn from respected Indigenous industry professionals at CapU's state-of-the-art Bosa Centre for Film & Animation.,
"Please give me the the full and complete address for BlueShore Financial Centre for the Performing Arts in Victoria, BC, Canada including the postal code.",403,BlueShore Financial Centre for the Performing Arts,"Sḵwx̱wú7mesh Early Years Conference 2025 Registration, Fri ...","Morris J Wosk Centre for Dialogue, West Hastings Street, Vancouver, BC, Canada ... BlueShore Financial Centre for the Performing Arts. From $50.00. Capilano ...",
"Please give me the the full and complete address for BlueShore Financial Centre for the Performing Arts in Victoria, BC, Canada including the postal code.",403,BlueShore Financial Centre for the Performing Arts,NAIC Code Name of Company Company Type Mailing Address City ...,"CANADA (U.S. BRANCH). Life. One Sun Life Executive. Park. Wellesley Hills. MA. 02481 - 0000 (781) 237 - 6030 Accident & Health, Life. 10909. SUN SURETY ...",
"Please give me the the full and complete address for BlueShore Financial Centre for the Performing Arts in Victoria, BC, Canada including the postal code.",403,BlueShore Financial Centre for the Performing Arts,Untitled,"May 15, 2025 ... host two acclaimed artists, Susie Ibarra and Eve Risser. 12 coastaljazz.ca. 40 YEARS OF MUSIC | VANCOUVER INTERNATIONAL JAZZ FESTIVAL 2025.",
"Please give me the the full and complete address for BlueShore Financial Centre for the Performing Arts in Victoria, BC, Canada including the postal code.",403,BlueShore Financial Centre for the Performing Arts,The BlueShore at CapU (@blueshoreatcapu) • Instagram photos ...,"1.7K+ followers · 574 posts · Visit the BlueShore Financial Centre for the Performing Arts at Capilano University. Presenters of Jazz, Global Roots, ...",
"Please give me the the full and complete address for BlueShore Financial Centre for the Performing Arts in Victoria, BC, Canada including the postal code.",403,BlueShore Financial Centre for the Performing Arts,Thank you Inderbir Singh & Western Canada Security,"3 days ago ... OCR: Wonder Woman 知 PAN เ Vancouver Island ""*Vancquverisland-2024 2024 Thank You to our esteemed sponsor WESTERN CANADA SECURITY & INDERBIR ...",
"Please give me the the full and complete address for BlueShore Financial Centre for the Performing Arts in Victoria, BC, Canada including the postal code.",403,BlueShore Financial Centre for the Performing Arts,Untitled,"1st Choice Advantage Insurance Company, Inc. C T CORPORATION SYSTEM, 1999 BRYAN ST STE 900, DALLAS, TX, 75201-3140. 5, 1ST LIFE FINANCIAL, LLC, C T ...",
"Please give me the the full and complete address for BlueShore Financial Centre for the Performing Arts in Victoria, BC, Canada including the postal code.",403,BlueShore Financial Centre for the Performing Arts,COMMONWEALTH OF MASSACHUSETTS DIVISION OF ...,Accredited Reinsurer. 16835. Accredited Specialty Insurance Company. PO BOX 140855. ORLANDO. FL. 32814. (856)216-0220. Accredited Reinsurer.,
"Please give me the the full and complete address for Brydon Park in Victoria, BC, Canada including the postal code.",5068,Brydon Park,My husband and I are planning a move to Langley from New ...,"May 25, 2024 ... There's 3 parks in that area (Douglas, Linwood, Brydon Lagoon) ... A subreddit dedicated to residents and fans of Langley, BC, Canada. Show more.",
"Please give me the the full and complete address for Brydon Park in Victoria, BC, Canada including the postal code.",5068,Brydon Park,APPLICATION FOR GRANTS UNDER THE,"Aug 3, 2022 ... imposed by section 1352, title 31, U.S. Code. Any person who ... * Email Address: 1. Project Director: Fax Number (give area code). 2 ...",
"Please give me the the full and complete address for Brydon Park in Victoria, BC, Canada including the postal code.",5068,Brydon Park,"Langley, British Columbia (city) - Wikipedia","It lies directly east of Surrey, adjacent to the Cloverdale area, and is surrounded elsewhere by the Township of Langley, bordered by its neighbourhoods of ...",
"Please give me the the full and complete address for Brydon Park in Victoria, BC, Canada including the postal code.",5068,Brydon Park,"BBB Canada List of Creditors As at February 10, 2023 Please note ...","Feb 10, 2023 ... ... Canadian dollars at an exchange rate of US$1.00: C$1.35. CREDITOR NAME. Add1. Add2. CITY. PROVINCE / STATE. POSTAL CODE / ZIP. COUNTRY. TOTAL ...",
"Please give me the the full and complete address for Brydon Park in Victoria, BC, Canada including the postal code.",5068,Brydon Park,Fernie Alpine Resort,Get a different perspective on the ski resort and an opportunity for the whole family to enjoy the mountain under the sunshine no matter what type of activity ...,
"Please give me the the full and complete address for Brydon Park in Victoria, BC, Canada including the postal code.",5068,Brydon Park,AP Listing - Waterway 2019_0611 FINAL.xlsx,"Jun 11, 2019 ... Address. City. Province. Postal Code. Amount Due ($). Secured Creditors. CIBC c/o Blake Cassels & Graydon LLP. 2600-595 Burrard St. Vancouver.",
"Please give me the the full and complete address for Brydon Park in Victoria, BC, Canada including the postal code.",5068,Brydon Park,List of access to information and privacy coordinators by institution,4 days ago ... C. Canada Agricultural Review Tribunal (see Administrative Tribunals Support Service of Canada): Marie-Josée Labrecque ATIP Coordinator 240 ...,
"Please give me the the full and complete address for Brydon Park in Victoria, BC, Canada including the postal code.",5068,Brydon Park,Brydon Park (198th & 53rd) City of Langley Another great park to ...,"Jul 10, 2018 ... Brydon Park (198th & 53rd) City of Langley Another great park to visit. This one has a zip line that wraps around the trees. Very cool!!",
"Please give me the the full and complete address for Brydon Park in Victoria, BC, Canada including the postal code.",5068,Brydon Park,Dutch Emigrant Families Assisted by the Immigration Committee of ...,"In 1946 the Synod of the Christian Reformed Church in North America (CRC) appointed an. Immigration Committee for Canada to provide information, guidance, ...",
"Please give me the the full and complete address for Brydon Park in Victoria, BC, Canada including the postal code.",5068,Brydon Park,"A rare shot of the E&N Trestle at what is now Atkins Road, in old ...","Oct 5, 2020 ... A rare shot of the E&N Trestle at what is now Atkins Road, in old Victoria circa 1886! BC Archives. Thanks to Steve Thomson, Victor Chong ...",
