event_id,building_name,full_address,address_id
2028,720 Station Ave,"720 Station Ave, 720 Station Ave, Langford, BC V9B 2S1",12623
2315,Beacon Park Sidney,"Beacon Park Sidney, 9801 Seaport Pl, Sidney, BC V8L 4X3",12624
2326,Beacon Park Sidney,"Beacon Park Sidney, 9801 Seaport Pl, Sidney, BC V8L 4X3",12624
2324,Beacon Park Sidney,"Beacon Park Sidney, 9801 Seaport Pl, Sidney, BC V8L 4X3",12624
2338,Beacon Park Sidney,"Beacon Park Sidney, 9801 Seaport Pl, Sidney, BC V8L 4X3",12624
2397,Beacon Park Sidney,"Beacon Park Sidney, 9801 Seaport Pl, Sidney, BC V8L 4X3",12624
2469,Beacon Park Sidney,"Beacon Park Sidney, 9801 Seaport Pl, Sidney, BC V8L 4X3",12624
2474,Beacon Park Sidney,"Beacon Park Sidney, 9801 Seaport Pl, Sidney, BC V8L 4X3",12624
2427,Beckwith Park,"Beckwith Park, 857 Beckwith Ave, Victoria, BC V8X 3S3",12625
2429,Brydon Park,"Brydon Park, Viewmont Avenue or Vanguard Place, Royal Oak, BC",12626
997,"Brydon Park, End of Viewmont Ave","Brydon Park, End of Viewmont Ave, Viewmont Avenue or Vanguard Place, Royal Oak, BC",12627
2295,Bullen Park,"Bullen Park, 527 Fraser St, Victoria, BC V9A 6H7",12628
2305,Bullen Park,"Bullen Park, 527 Fraser St, Victoria, BC V9A 6H7",12628
2361,Bullen Park,"Bullen Park, 527 Fraser St, Victoria, BC V9A 6H7",12628
2363,Bullen Park,"Bullen Park, 527 Fraser St, Victoria, BC V9A 6H7",12628
2442,Bullen Park,"Bullen Park, 527 Fraser St, Victoria, BC V9A 6H7",12628
2479,Bullen Park,"Bullen Park, 527 Fraser St, Victoria, BC V9A 6H7",12628
989,Bullen Park,"Bullen Park, 527 Fraser St, Victoria, BC V9A 6H7",12628
990,Bullen Park,"Bullen Park, 527 Fraser St, Victoria, BC V9A 6H7",12628
991,Bullen Park,"Bullen Park, 527 Fraser St, Victoria, BC V9A 6H7",12628
992,Bullen Park,"Bullen Park, 527 Fraser St, Victoria, BC V9A 6H7",12628
988,Bullen Park,"Bullen Park, 527 Fraser St, Victoria, BC V9A 6H7",12628
2297,Cameron Bandshell,"Cameron Bandshell, 250 Bridge Way, Victoria, BC V8V 2P2",12629
2271,Cameron Bandshell,"Cameron Bandshell, 250 Bridge Way, Victoria, BC V8V 2P2",12629
2273,Cameron Bandshell,"Cameron Bandshell, 250 Bridge Way, Victoria, BC V8V 2P2",12629
2274,Cameron Bandshell,"Cameron Bandshell, 250 Bridge Way, Victoria, BC V8V 2P2",12629
2292,Cameron Bandshell,"Cameron Bandshell, 250 Bridge Way, Victoria, BC V8V 2P2",12629
2293,Cameron Bandshell,"Cameron Bandshell, 250 Bridge Way, Victoria, BC V8V 2P2",12629
2301,Cameron Bandshell,"Cameron Bandshell, 250 Bridge Way, Victoria, BC V8V 2P2",12629
2303,Cameron Bandshell,"Cameron Bandshell, 250 Bridge Way, Victoria, BC V8V 2P2",12629
2304,Cameron Bandshell,"Cameron Bandshell, 250 Bridge Way, Victoria, BC V8V 2P2",12629
2306,Cameron Bandshell,"Cameron Bandshell, 250 Bridge Way, Victoria, BC V8V 2P2",12629
2308,Cameron Bandshell,"Cameron Bandshell, 250 Bridge Way, Victoria, BC V8V 2P2",12629
2313,Cameron Bandshell,"Cameron Bandshell, 250 Bridge Way, Victoria, BC V8V 2P2",12629
2310,Cameron Bandshell,"Cameron Bandshell, 250 Bridge Way, Victoria, BC V8V 2P2",12629
2311,Cameron Bandshell,"Cameron Bandshell, 250 Bridge Way, Victoria, BC V8V 2P2",12629
2312,Cameron Bandshell,"Cameron Bandshell, 250 Bridge Way, Victoria, BC V8V 2P2",12629
2316,Cameron Bandshell,"Cameron Bandshell, 250 Bridge Way, Victoria, BC V8V 2P2",12629
2322,Cameron Bandshell,"Cameron Bandshell, 250 Bridge Way, Victoria, BC V8V 2P2",12629
2320,Cameron Bandshell,"Cameron Bandshell, 250 Bridge Way, Victoria, BC V8V 2P2",12629
2325,Cameron Bandshell,"Cameron Bandshell, 250 Bridge Way, Victoria, BC V8V 2P2",12629
2327,Cameron Bandshell,"Cameron Bandshell, 250 Bridge Way, Victoria, BC V8V 2P2",12629
2329,Cameron Bandshell,"Cameron Bandshell, 250 Bridge Way, Victoria, BC V8V 2P2",12629
2339,Cameron Bandshell,"Cameron Bandshell, 250 Bridge Way, Victoria, BC V8V 2P2",12629
2344,Cameron Bandshell,"Cameron Bandshell, 250 Bridge Way, Victoria, BC V8V 2P2",12629
2342,Cameron Bandshell,"Cameron Bandshell, 250 Bridge Way, Victoria, BC V8V 2P2",12629
2343,Cameron Bandshell,"Cameron Bandshell, 250 Bridge Way, Victoria, BC V8V 2P2",12629
2345,Cameron Bandshell,"Cameron Bandshell, 250 Bridge Way, Victoria, BC V8V 2P2",12629
2348,Cameron Bandshell,"Cameron Bandshell, 250 Bridge Way, Victoria, BC V8V 2P2",12629
2349,Cameron Bandshell,"Cameron Bandshell, 250 Bridge Way, Victoria, BC V8V 2P2",12629
2350,Cameron Bandshell,"Cameron Bandshell, 250 Bridge Way, Victoria, BC V8V 2P2",12629
2360,Cameron Bandshell,"Cameron Bandshell, 250 Bridge Way, Victoria, BC V8V 2P2",12629
2366,Cameron Bandshell,"Cameron Bandshell, 250 Bridge Way, Victoria, BC V8V 2P2",12629
2371,Cameron Bandshell,"Cameron Bandshell, 250 Bridge Way, Victoria, BC V8V 2P2",12629
2364,Cameron Bandshell,"Cameron Bandshell, 250 Bridge Way, Victoria, BC V8V 2P2",12629
2368,Cameron Bandshell,"Cameron Bandshell, 250 Bridge Way, Victoria, BC V8V 2P2",12629
2369,Cameron Bandshell,"Cameron Bandshell, 250 Bridge Way, Victoria, BC V8V 2P2",12629
2370,Cameron Bandshell,"Cameron Bandshell, 250 Bridge Way, Victoria, BC V8V 2P2",12629
2372,Cameron Bandshell,"Cameron Bandshell, 250 Bridge Way, Victoria, BC V8V 2P2",12629
2373,Cameron Bandshell,"Cameron Bandshell, 250 Bridge Way, Victoria, BC V8V 2P2",12629
2374,Cameron Bandshell,"Cameron Bandshell, 250 Bridge Way, Victoria, BC V8V 2P2",12629
2375,Cameron Bandshell,"Cameron Bandshell, 250 Bridge Way, Victoria, BC V8V 2P2",12629
2376,Cameron Bandshell,"Cameron Bandshell, 250 Bridge Way, Victoria, BC V8V 2P2",12629
2383,Cameron Bandshell,"Cameron Bandshell, 250 Bridge Way, Victoria, BC V8V 2P2",12629
2384,Cameron Bandshell,"Cameron Bandshell, 250 Bridge Way, Victoria, BC V8V 2P2",12629
2391,Cameron Bandshell,"Cameron Bandshell, 250 Bridge Way, Victoria, BC V8V 2P2",12629
2386,Cameron Bandshell,"Cameron Bandshell, 250 Bridge Way, Victoria, BC V8V 2P2",12629
2395,Cameron Bandshell,"Cameron Bandshell, 250 Bridge Way, Victoria, BC V8V 2P2",12629
2399,Cameron Bandshell,"Cameron Bandshell, 250 Bridge Way, Victoria, BC V8V 2P2",12629
2401,Cameron Bandshell,"Cameron Bandshell, 250 Bridge Way, Victoria, BC V8V 2P2",12629
2402,Cameron Bandshell,"Cameron Bandshell, 250 Bridge Way, Victoria, BC V8V 2P2",12629
2404,Cameron Bandshell,"Cameron Bandshell, 250 Bridge Way, Victoria, BC V8V 2P2",12629
2408,Cameron Bandshell,"Cameron Bandshell, 250 Bridge Way, Victoria, BC V8V 2P2",12629
2409,Cameron Bandshell,"Cameron Bandshell, 250 Bridge Way, Victoria, BC V8V 2P2",12629
2410,Cameron Bandshell,"Cameron Bandshell, 250 Bridge Way, Victoria, BC V8V 2P2",12629
2421,Cameron Bandshell,"Cameron Bandshell, 250 Bridge Way, Victoria, BC V8V 2P2",12629
2423,Cameron Bandshell,"Cameron Bandshell, 250 Bridge Way, Victoria, BC V8V 2P2",12629
2435,Cameron Bandshell,"Cameron Bandshell, 250 Bridge Way, Victoria, BC V8V 2P2",12629
2446,Cameron Bandshell,"Cameron Bandshell, 250 Bridge Way, Victoria, BC V8V 2P2",12629
2448,Cameron Bandshell,"Cameron Bandshell, 250 Bridge Way, Victoria, BC V8V 2P2",12629
2449,Cameron Bandshell,"Cameron Bandshell, 250 Bridge Way, Victoria, BC V8V 2P2",12629
2452,Cameron Bandshell,"Cameron Bandshell, 250 Bridge Way, Victoria, BC V8V 2P2",12629
2453,Cameron Bandshell,"Cameron Bandshell, 250 Bridge Way, Victoria, BC V8V 2P2",12629
2455,Cameron Bandshell,"Cameron Bandshell, 250 Bridge Way, Victoria, BC V8V 2P2",12629
2456,Cameron Bandshell,"Cameron Bandshell, 250 Bridge Way, Victoria, BC V8V 2P2",12629
2457,Cameron Bandshell,"Cameron Bandshell, 250 Bridge Way, Victoria, BC V8V 2P2",12629
2465,Cameron Bandshell,"Cameron Bandshell, 250 Bridge Way, Victoria, BC V8V 2P2",12629
2466,Cameron Bandshell,"Cameron Bandshell, 250 Bridge Way, Victoria, BC V8V 2P2",12629
2488,Cameron Bandshell,"Cameron Bandshell, 250 Bridge Way, Victoria, BC V8V 2P2",12629
2477,Cameron Bandshell,"Cameron Bandshell, 250 Bridge Way, Victoria, BC V8V 2P2",12629
2484,Cameron Bandshell,"Cameron Bandshell, 250 Bridge Way, Victoria, BC V8V 2P2",12629
2490,Cameron Bandshell,"Cameron Bandshell, 250 Bridge Way, Victoria, BC V8V 2P2",12629
2491,Cameron Bandshell,"Cameron Bandshell, 250 Bridge Way, Victoria, BC V8V 2P2",12629
2287,Centennial Square,"Centennial Square, 1 Centennial Square, Victoria, BC V8W 1P5",12630
2288,Centennial Square,"Centennial Square, 1 Centennial Square, Victoria, BC V8W 1P5",12630
2289,Centennial Square,"Centennial Square, 1 Centennial Square, Victoria, BC V8W 1P5",12630
2290,Centennial Square,"Centennial Square, 1 Centennial Square, Victoria, BC V8W 1P5",12630
2330,Centennial Square,"Centennial Square, 1 Centennial Square, Victoria, BC V8W 1P5",12630
2334,Centennial Square,"Centennial Square, 1 Centennial Square, Victoria, BC V8W 1P5",12630
2331,Centennial Square,"Centennial Square, 1 Centennial Square, Victoria, BC V8W 1P5",12630
2332,Centennial Square,"Centennial Square, 1 Centennial Square, Victoria, BC V8W 1P5",12630
2333,Centennial Square,"Centennial Square, 1 Centennial Square, Victoria, BC V8W 1P5",12630
2335,Centennial Square,"Centennial Square, 1 Centennial Square, Victoria, BC V8W 1P5",12630
2336,Centennial Square,"Centennial Square, 1 Centennial Square, Victoria, BC V8W 1P5",12630
2337,Centennial Square,"Centennial Square, 1 Centennial Square, Victoria, BC V8W 1P5",12630
2380,Colwood City Hall,"Colwood City Hall, 3300 Wishart Rd, Victoria, BC V9C 1R1",12631
2482,Colwood City Hall,"Colwood City Hall, 3300 Wishart Rd, Victoria, BC V9C 1R1",12631
2481,Colwood Corners,"Colwood Corners, 1905 Sooke Rd, Victoria, BC V9B 1V9",12632
2480,Colwood Creek Park,"Colwood Creek Park, Brittany Dr, Colwood, BC V9B 5P8",12633
2318,Fort Common,"Fort Common, 1017 Blanshard St, Victoria, BC V8W 2H4",12634
2328,Fort Common,"Fort Common, 1017 Blanshard St, Victoria, BC V8W 2H4",12634
2340,Fort Common,"Fort Common, 1017 Blanshard St, Victoria, BC V8W 2H4",12634
2354,Fort Common,"Fort Common, 1017 Blanshard St, Victoria, BC V8W 2H4",12634
2367,Fort Common,"Fort Common, 1017 Blanshard St, Victoria, BC V8W 2H4",12634
2385,Fort Common,"Fort Common, 1017 Blanshard St, Victoria, BC V8W 2H4",12634
2388,Fort Common,"Fort Common, 1017 Blanshard St, Victoria, BC V8W 2H4",12634
2444,Fort Common,"Fort Common, 1017 Blanshard St, Victoria, BC V8W 2H4",12634
2440,Fort Common,"Fort Common, 1017 Blanshard St, Victoria, BC V8W 2H4",12634
2468,Fort Common,"Fort Common, 1017 Blanshard St, Victoria, BC V8W 2H4",12634
2476,Fort Common,"Fort Common, 1017 Blanshard St, Victoria, BC V8W 2H4",12634
2381,Goward House,"Goward House, 2495 Arbutus Rd, Victoria, BC V8N 1V9",12635
994,"Goward House, 2495 Arbutus Rd","Goward House, 2495 Arbutus Rd, 2495 Arbutus Rd, Victoria, BC V8N 1V9",12636
2279,Herm Williams Park,"Herm Williams Park, 646 Kelly Rd, Victoria, BC V9B 2A5",12637
2472,Herm Williams Park,"Herm Williams Park, 646 Kelly Rd, Victoria, BC V9B 2A5",12637
2015,Hermann's Jazz Club,"Hermann's Jazz Club, 753 View Street,  Victoria, BC V8W 1J9",12638
2020,Hermann's Jazz Club,"Hermann's Jazz Club, 753 View Street,  Victoria, BC V8W 1J9",12638
2032,Hermann's Jazz Club,"Hermann's Jazz Club, 753 View Street,  Victoria, BC V8W 1J9",12638
2426,Hyacinth Park,"Hyacinth Park, 800 Marigold Rd, Victoria, BC V8Z 4R9",12639
998,"Hyacinth Park, 700 Marigold","Hyacinth Park, 700 Marigold, 800 Marigold Rd, Victoria, BC V8Z 4R9",12640
2094,"Inner Harbour, Victoria, BC","Inner Harbour, Victoria, BC, 812 Wharf Street, Victoria, BC, V8W 1T3",12641
2033,James Bay United Church,"James Bay United Church, 511 Michigan St, Victoria, BC V8V 1S1",12642
2323,Lagoon Beach,"Lagoon Beach, 170 Goldfinch Road, Colwood, BC",12643
2475,Lagoon West Park,"Lagoon West Park, 170 Goldfinch Road, Colwood, BC",12644
2291,Langford Station,"Langford Station, 720 Station Ave, Langford, BC V9B 2S1",12645
2294,Langford Station,"Langford Station, 720 Station Ave, Langford, BC V9B 2S1",12645
2300,Langford Station,"Langford Station, 720 Station Ave, Langford, BC V9B 2S1",12645
2317,Langford Station,"Langford Station, 720 Station Ave, Langford, BC V9B 2S1",12645
2382,Legislature Lawn,"Legislature Lawn, 501 Belleville Street, Victoria, BC",12646
2400,Legislature Lawn,"Legislature Lawn, 501 Belleville Street, Victoria, BC",12646
2463,Legislature Lawn,"Legislature Lawn, 501 Belleville Street, Victoria, BC",12646
2470,Legislature Lawn,"Legislature Lawn, 501 Belleville Street, Victoria, BC",12646
2428,Majestic Park,"Majestic Park, 4380 Majestic Dr, Victoria, BC V8N 2M2",12647
995,"Majestic Park, 4380 Majestic Dr.","Majestic Park, 4380 Majestic Dr., 4380 Majestic Dr, Victoria, BC V8N 2M2",12648
1771,"Mcpherson Playhouse, Victoria, British Columbia","Mcpherson Playhouse, Victoria, British Columbia, 3 Centennial Square, Victoria, BC V8W 1P5",12649
2341,Meadow Park,"Meadow Park, Latoria Boulevard at Dunlin Street, Colwood, BC",12650
2351,Meadow Park,"Meadow Park, Latoria Boulevard at Dunlin Street, Colwood, BC",12650
2259,Memorial Park,"Memorial Park, Shelbourne Street or Church Avenue, Victoria, BC",12651
2280,Memorial Park,"Memorial Park, Shelbourne Street or Church Avenue, Victoria, BC",12651
2362,Memorial Park,"Memorial Park, Shelbourne Street or Church Avenue, Victoria, BC",12651
2394,Memorial Park,"Memorial Park, Shelbourne Street or Church Avenue, Victoria, BC",12651
2398,Memorial Park,"Memorial Park, Shelbourne Street or Church Avenue, Victoria, BC",12651
2443,Memorial Park,"Memorial Park, Shelbourne Street or Church Avenue, Victoria, BC",12651
2471,Memorial Park,"Memorial Park, Shelbourne Street or Church Avenue, Victoria, BC",12651
2473,Memorial Park,"Memorial Park, Shelbourne Street or Church Avenue, Victoria, BC",12651
281,"Paradise Within Farm, 255 musgrave rd saltspring island, BC V8K","Paradise Within Farm, 255 musgrave rd saltspring island, BC V8K, Salt Spring Island, 255 Musgrave Rd, Salt Spring Island, BC V8K 1V3",12652
2424,Prospect Lake,"Prospect Lake, 331 Prospect Lake Road, Victoria, BC",12653
999,"Prospect Lake, 331 Prospect Lake Road","Prospect Lake, 331 Prospect Lake Road, 331 Prospect Lake Road, Victoria, BC",12654
2278,Royal Bay Commons,"Royal Bay Commons, 345 Latoria Blvd, Victoria, BC V9C 0M9",12655
2425,Rudd Park,"Rudd Park, 3366 Whittier Ave, Victoria, BC V8Z 3P9",12656
1001,"Rudd Park, 3259 Irma","Rudd Park, 3259 Irma, 3249 Irma St, Saanich, BC V8Z, CA",12657
2430,Rutledge Park,"Rutledge Park, 913 Inverness Rd, Victoria, BC V8X 2T4",12658
1000,"Rutledge Park, Inverness & Cloverdale","Rutledge Park, Inverness & Cloverdale, 913 Inverness Rd, Victoria, BC V8X 2T4",12659
2260,Ship Point,"Ship Point, Victoria, BC V8W 1T3",12660
2261,Ship Point,"Ship Point, Victoria, BC V8W 1T3",12660
2262,Ship Point,"Ship Point, Victoria, BC V8W 1T3",12660
2263,Ship Point,"Ship Point, Victoria, BC V8W 1T3",12660
2264,Ship Point,"Ship Point, Victoria, BC V8W 1T3",12660
2265,Ship Point,"Ship Point, Victoria, BC V8W 1T3",12660
2266,Ship Point,"Ship Point, Victoria, BC V8W 1T3",12660
2267,Ship Point,"Ship Point, Victoria, BC V8W 1T3",12660
2268,Ship Point,"Ship Point, Victoria, BC V8W 1T3",12660
2269,Ship Point,"Ship Point, Victoria, BC V8W 1T3",12660
2270,Ship Point,"Ship Point, Victoria, BC V8W 1T3",12660
2272,Ship Point,"Ship Point, Victoria, BC V8W 1T3",12660
2275,Ship Point,"Ship Point, Victoria, BC V8W 1T3",12660
2281,Ship Point,"Ship Point, Victoria, BC V8W 1T3",12660
2282,Ship Point,"Ship Point, Victoria, BC V8W 1T3",12660
2283,Ship Point,"Ship Point, Victoria, BC V8W 1T3",12660
2284,Ship Point,"Ship Point, Victoria, BC V8W 1T3",12660
2285,Ship Point,"Ship Point, Victoria, BC V8W 1T3",12660
2286,Ship Point,"Ship Point, Victoria, BC V8W 1T3",12660
2296,Ship Point,"Ship Point, Victoria, BC V8W 1T3",12660
2298,Ship Point,"Ship Point, Victoria, BC V8W 1T3",12660
2299,Ship Point,"Ship Point, Victoria, BC V8W 1T3",12660
2302,Ship Point,"Ship Point, Victoria, BC V8W 1T3",12660
2307,Ship Point,"Ship Point, Victoria, BC V8W 1T3",12660
2309,Ship Point,"Ship Point, Victoria, BC V8W 1T3",12660
2319,Ship Point,"Ship Point, Victoria, BC V8W 1T3",12660
2321,Ship Point,"Ship Point, Victoria, BC V8W 1T3",12660
2347,Ship Point,"Ship Point, Victoria, BC V8W 1T3",12660
2346,Ship Point,"Ship Point, Victoria, BC V8W 1T3",12660
2352,Ship Point,"Ship Point, Victoria, BC V8W 1T3",12660
2353,Ship Point,"Ship Point, Victoria, BC V8W 1T3",12660
2355,Ship Point,"Ship Point, Victoria, BC V8W 1T3",12660
2356,Ship Point,"Ship Point, Victoria, BC V8W 1T3",12660
2357,Ship Point,"Ship Point, Victoria, BC V8W 1T3",12660
2358,Ship Point,"Ship Point, Victoria, BC V8W 1T3",12660
2359,Ship Point,"Ship Point, Victoria, BC V8W 1T3",12660
2377,Ship Point,"Ship Point, Victoria, BC V8W 1T3",12660
2390,Ship Point,"Ship Point, Victoria, BC V8W 1T3",12660
2403,Ship Point,"Ship Point, Victoria, BC V8W 1T3",12660
2405,Ship Point,"Ship Point, Victoria, BC V8W 1T3",12660
2417,Ship Point,"Ship Point, Victoria, BC V8W 1T3",12660
2406,Ship Point,"Ship Point, Victoria, BC V8W 1T3",12660
2407,Ship Point,"Ship Point, Victoria, BC V8W 1T3",12660
2412,Ship Point,"Ship Point, Victoria, BC V8W 1T3",12660
2413,Ship Point,"Ship Point, Victoria, BC V8W 1T3",12660
2414,Ship Point,"Ship Point, Victoria, BC V8W 1T3",12660
2415,Ship Point,"Ship Point, Victoria, BC V8W 1T3",12660
2416,Ship Point,"Ship Point, Victoria, BC V8W 1T3",12660
2418,Ship Point,"Ship Point, Victoria, BC V8W 1T3",12660
2419,Ship Point,"Ship Point, Victoria, BC V8W 1T3",12660
2431,Ship Point,"Ship Point, Victoria, BC V8W 1T3",12660
2436,Ship Point,"Ship Point, Victoria, BC V8W 1T3",12660
2437,Ship Point,"Ship Point, Victoria, BC V8W 1T3",12660
2438,Ship Point,"Ship Point, Victoria, BC V8W 1T3",12660
2439,Ship Point,"Ship Point, Victoria, BC V8W 1T3",12660
2441,Ship Point,"Ship Point, Victoria, BC V8W 1T3",12660
2445,Ship Point,"Ship Point, Victoria, BC V8W 1T3",12660
2454,Ship Point,"Ship Point, Victoria, BC V8W 1T3",12660
2458,Ship Point,"Ship Point, Victoria, BC V8W 1T3",12660
2467,Ship Point,"Ship Point, Victoria, BC V8W 1T3",12660
2489,Ship Point,"Ship Point, Victoria, BC V8W 1T3",12660
2483,Ship Point,"Ship Point, Victoria, BC V8W 1T3",12660
2487,Ship Point,"Ship Point, Victoria, BC V8W 1T3",12660
2492,Ship Point,"Ship Point, Victoria, BC V8W 1T3",12660
2023,Ship Point (Inner Harbour),"Ship Point (Inner Harbour), Wharf and Broughton, Victoria, BC",12661
2017,Ship Point (Inner Harbour),"Ship Point (Inner Harbour), Wharf and Broughton, Victoria, BC",12661
130,Strange Fellows Brewing,"Strange Fellows Brewing, 1345 Clark Dr, Vancouver, BC V5L 3K9",12662
2030,The Coda,"The Coda, 751 View St, Victoria, BC V8W 1J9",12663
504,The Loft Pub Victoria,"The Loft Pub Victoria, 229 Gorge Rd E, Victoria, BC V9A 1L1",12664
506,The Loft Pub Victoria,"The Loft Pub Victoria, 229 Gorge Rd E, Victoria, BC V9A 1L1",12664
505,The Loft Pub Victoria,"The Loft Pub Victoria, 229 Gorge Rd E, Victoria, BC V9A 1L1",12664
646,The Loft Pub Victoria,"The Loft Pub Victoria, 229 Gorge Rd E, Victoria, BC V9A 1L1",12664
647,The Loft Pub Victoria,"The Loft Pub Victoria, 229 Gorge Rd E, Victoria, BC V9A 1L1",12664
648,The Loft Pub Victoria,"The Loft Pub Victoria, 229 Gorge Rd E, Victoria, BC V9A 1L1",12664
649,The Loft Pub Victoria,"The Loft Pub Victoria, 229 Gorge Rd E, Victoria, BC V9A 1L1",12664
650,The Loft Pub Victoria,"The Loft Pub Victoria, 229 Gorge Rd E, Victoria, BC V9A 1L1",12664
727,The Loft Pub Victoria,"The Loft Pub Victoria, 229 Gorge Rd E, Victoria, BC V9A 1L1",12664
729,The Loft Pub Victoria,"The Loft Pub Victoria, 229 Gorge Rd E, Victoria, BC V9A 1L1",12664
728,The Loft Pub Victoria,"The Loft Pub Victoria, 229 Gorge Rd E, Victoria, BC V9A 1L1",12664
730,The Loft Pub Victoria,"The Loft Pub Victoria, 229 Gorge Rd E, Victoria, BC V9A 1L1",12664
812,The Loft Pub Victoria,"The Loft Pub Victoria, 229 Gorge Rd E, Victoria, BC V9A 1L1",12664
813,The Loft Pub Victoria,"The Loft Pub Victoria, 229 Gorge Rd E, Victoria, BC V9A 1L1",12664
814,The Loft Pub Victoria,"The Loft Pub Victoria, 229 Gorge Rd E, Victoria, BC V9A 1L1",12664
808,The Loft Pub Victoria,"The Loft Pub Victoria, 229 Gorge Rd E, Victoria, BC V9A 1L1",12664
809,The Loft Pub Victoria,"The Loft Pub Victoria, 229 Gorge Rd E, Victoria, BC V9A 1L1",12664
815,The Loft Pub Victoria,"The Loft Pub Victoria, 229 Gorge Rd E, Victoria, BC V9A 1L1",12664
810,The Loft Pub Victoria,"The Loft Pub Victoria, 229 Gorge Rd E, Victoria, BC V9A 1L1",12664
811,The Loft Pub Victoria,"The Loft Pub Victoria, 229 Gorge Rd E, Victoria, BC V9A 1L1",12664
816,The Loft Pub Victoria,"The Loft Pub Victoria, 229 Gorge Rd E, Victoria, BC V9A 1L1",12664
795,The Loft Pub Victoria,"The Loft Pub Victoria, 229 Gorge Rd E, Victoria, BC V9A 1L1",12664
797,The Loft Pub Victoria,"The Loft Pub Victoria, 229 Gorge Rd E, Victoria, BC V9A 1L1",12664
859,The Loft Pub Victoria,"The Loft Pub Victoria, 229 Gorge Rd E, Victoria, BC V9A 1L1",12664
824,The Loft Pub Victoria,"The Loft Pub Victoria, 229 Gorge Rd E, Victoria, BC V9A 1L1",12664
823,The Loft Pub Victoria,"The Loft Pub Victoria, 229 Gorge Rd E, Victoria, BC V9A 1L1",12664
825,The Loft Pub Victoria,"The Loft Pub Victoria, 229 Gorge Rd E, Victoria, BC V9A 1L1",12664
826,The Loft Pub Victoria,"The Loft Pub Victoria, 229 Gorge Rd E, Victoria, BC V9A 1L1",12664
827,The Loft Pub Victoria,"The Loft Pub Victoria, 229 Gorge Rd E, Victoria, BC V9A 1L1",12664
857,The Loft Pub Victoria,"The Loft Pub Victoria, 229 Gorge Rd E, Victoria, BC V9A 1L1",12664
855,The Loft Pub Victoria,"The Loft Pub Victoria, 229 Gorge Rd E, Victoria, BC V9A 1L1",12664
858,The Loft Pub Victoria,"The Loft Pub Victoria, 229 Gorge Rd E, Victoria, BC V9A 1L1",12664
856,The Loft Pub Victoria,"The Loft Pub Victoria, 229 Gorge Rd E, Victoria, BC V9A 1L1",12664
865,The Loft Pub Victoria,"The Loft Pub Victoria, 229 Gorge Rd E, Victoria, BC V9A 1L1",12664
866,The Loft Pub Victoria,"The Loft Pub Victoria, 229 Gorge Rd E, Victoria, BC V9A 1L1",12664
863,The Loft Pub Victoria,"The Loft Pub Victoria, 229 Gorge Rd E, Victoria, BC V9A 1L1",12664
864,The Loft Pub Victoria,"The Loft Pub Victoria, 229 Gorge Rd E, Victoria, BC V9A 1L1",12664
869,The Loft Pub Victoria,"The Loft Pub Victoria, 229 Gorge Rd E, Victoria, BC V9A 1L1",12664
868,The Loft Pub Victoria,"The Loft Pub Victoria, 229 Gorge Rd E, Victoria, BC V9A 1L1",12664
876,The Loft Pub Victoria,"The Loft Pub Victoria, 229 Gorge Rd E, Victoria, BC V9A 1L1",12664
875,The Loft Pub Victoria,"The Loft Pub Victoria, 229 Gorge Rd E, Victoria, BC V9A 1L1",12664
874,The Loft Pub Victoria,"The Loft Pub Victoria, 229 Gorge Rd E, Victoria, BC V9A 1L1",12664
870,The Loft Pub Victoria,"The Loft Pub Victoria, 229 Gorge Rd E, Victoria, BC V9A 1L1",12664
891,The Loft Pub Victoria,"The Loft Pub Victoria, 229 Gorge Rd E, Victoria, BC V9A 1L1",12664
882,The Loft Pub Victoria,"The Loft Pub Victoria, 229 Gorge Rd E, Victoria, BC V9A 1L1",12664
883,The Loft Pub Victoria,"The Loft Pub Victoria, 229 Gorge Rd E, Victoria, BC V9A 1L1",12664
884,The Loft Pub Victoria,"The Loft Pub Victoria, 229 Gorge Rd E, Victoria, BC V9A 1L1",12664
885,The Loft Pub Victoria,"The Loft Pub Victoria, 229 Gorge Rd E, Victoria, BC V9A 1L1",12664
881,The Loft Pub Victoria,"The Loft Pub Victoria, 229 Gorge Rd E, Victoria, BC V9A 1L1",12664
886,The Loft Pub Victoria,"The Loft Pub Victoria, 229 Gorge Rd E, Victoria, BC V9A 1L1",12664
887,The Loft Pub Victoria,"The Loft Pub Victoria, 229 Gorge Rd E, Victoria, BC V9A 1L1",12664
888,The Loft Pub Victoria,"The Loft Pub Victoria, 229 Gorge Rd E, Victoria, BC V9A 1L1",12664
889,The Loft Pub Victoria,"The Loft Pub Victoria, 229 Gorge Rd E, Victoria, BC V9A 1L1",12664
890,The Loft Pub Victoria,"The Loft Pub Victoria, 229 Gorge Rd E, Victoria, BC V9A 1L1",12664
920,The Loft Pub Victoria,"The Loft Pub Victoria, 229 Gorge Rd E, Victoria, BC V9A 1L1",12664
921,The Loft Pub Victoria,"The Loft Pub Victoria, 229 Gorge Rd E, Victoria, BC V9A 1L1",12664
922,The Loft Pub Victoria,"The Loft Pub Victoria, 229 Gorge Rd E, Victoria, BC V9A 1L1",12664
923,The Loft Pub Victoria,"The Loft Pub Victoria, 229 Gorge Rd E, Victoria, BC V9A 1L1",12664
924,The Loft Pub Victoria,"The Loft Pub Victoria, 229 Gorge Rd E, Victoria, BC V9A 1L1",12664
927,The Loft Pub Victoria,"The Loft Pub Victoria, 229 Gorge Rd E, Victoria, BC V9A 1L1",12664
925,The Loft Pub Victoria,"The Loft Pub Victoria, 229 Gorge Rd E, Victoria, BC V9A 1L1",12664
926,The Loft Pub Victoria,"The Loft Pub Victoria, 229 Gorge Rd E, Victoria, BC V9A 1L1",12664
2026,The Wicket Hall,"The Wicket Hall, 919 Douglas St, Victoria, BC V8W 2C2",12665
336,The Wicket Hall (Strathcona Hotel),"The Wicket Hall (Strathcona Hotel), 919 Douglas St, Victoria, BC V8W 2C2",12666
337,The Wicket Hall (Strathcona Hotel),"The Wicket Hall (Strathcona Hotel), 919 Douglas St, Victoria, BC V8W 2C2",12666
338,The Wicket Hall (Strathcona Hotel),"The Wicket Hall (Strathcona Hotel), 919 Douglas St, Victoria, BC V8W 2C2",12666
339,The Wicket Hall (Strathcona Hotel),"The Wicket Hall (Strathcona Hotel), 919 Douglas St, Victoria, BC V8W 2C2",12666
340,The Wicket Hall (Strathcona Hotel),"The Wicket Hall (Strathcona Hotel), 919 Douglas St, Victoria, BC V8W 2C2",12666
341,The Wicket Hall (Strathcona Hotel),"The Wicket Hall (Strathcona Hotel), 919 Douglas St, Victoria, BC V8W 2C2",12666
342,The Wicket Hall (Strathcona Hotel),"The Wicket Hall (Strathcona Hotel), 919 Douglas St, Victoria, BC V8W 2C2",12666
343,The Wicket Hall (Strathcona Hotel),"The Wicket Hall (Strathcona Hotel), 919 Douglas St, Victoria, BC V8W 2C2",12666
344,The Wicket Hall (Strathcona Hotel),"The Wicket Hall (Strathcona Hotel), 919 Douglas St, Victoria, BC V8W 2C2",12666
345,The Wicket Hall (Strathcona Hotel),"The Wicket Hall (Strathcona Hotel), 919 Douglas St, Victoria, BC V8W 2C2",12666
346,The Wicket Hall (Strathcona Hotel),"The Wicket Hall (Strathcona Hotel), 919 Douglas St, Victoria, BC V8W 2C2",12666
347,The Wicket Hall (Strathcona Hotel),"The Wicket Hall (Strathcona Hotel), 919 Douglas St, Victoria, BC V8W 2C2",12666
348,The Wicket Hall (Strathcona Hotel),"The Wicket Hall (Strathcona Hotel), 919 Douglas St, Victoria, BC V8W 2C2",12666
349,The Wicket Hall (Strathcona Hotel),"The Wicket Hall (Strathcona Hotel), 919 Douglas St, Victoria, BC V8W 2C2",12666
350,The Wicket Hall (Strathcona Hotel),"The Wicket Hall (Strathcona Hotel), 919 Douglas St, Victoria, BC V8W 2C2",12666
351,The Wicket Hall (Strathcona Hotel),"The Wicket Hall (Strathcona Hotel), 919 Douglas St, Victoria, BC V8W 2C2",12666
352,The Wicket Hall (Strathcona Hotel),"The Wicket Hall (Strathcona Hotel), 919 Douglas St, Victoria, BC V8W 2C2",12666
353,The Wicket Hall (Strathcona Hotel),"The Wicket Hall (Strathcona Hotel), 919 Douglas St, Victoria, BC V8W 2C2",12666
354,The Wicket Hall (Strathcona Hotel),"The Wicket Hall (Strathcona Hotel), 919 Douglas St, Victoria, BC V8W 2C2",12666
355,The Wicket Hall (Strathcona Hotel),"The Wicket Hall (Strathcona Hotel), 919 Douglas St, Victoria, BC V8W 2C2",12666
356,The Wicket Hall (Strathcona Hotel),"The Wicket Hall (Strathcona Hotel), 919 Douglas St, Victoria, BC V8W 2C2",12666
357,The Wicket Hall (Strathcona Hotel),"The Wicket Hall (Strathcona Hotel), 919 Douglas St, Victoria, BC V8W 2C2",12666
358,The Wicket Hall (Strathcona Hotel),"The Wicket Hall (Strathcona Hotel), 919 Douglas St, Victoria, BC V8W 2C2",12666
359,The Wicket Hall (Strathcona Hotel),"The Wicket Hall (Strathcona Hotel), 919 Douglas St, Victoria, BC V8W 2C2",12666
360,The Wicket Hall (Strathcona Hotel),"The Wicket Hall (Strathcona Hotel), 919 Douglas St, Victoria, BC V8W 2C2",12666
361,The Wicket Hall (Strathcona Hotel),"The Wicket Hall (Strathcona Hotel), 919 Douglas St, Victoria, BC V8W 2C2",12666
362,The Wicket Hall (Strathcona Hotel),"The Wicket Hall (Strathcona Hotel), 919 Douglas St, Victoria, BC V8W 2C2",12666
335,The Wicket Hall (Strathcona Hotel),"The Wicket Hall (Strathcona Hotel), 919 Douglas St, Victoria, BC V8W 2C2",12666
2018,View Street Social,"View Street Social, 753 View St, Victoria, BC V8W 2H6",12667
2024,View Street Social,"View Street Social, 753 View St, Victoria, BC V8W 2H6",12667
2025,Wheelies Motorcyles,"Wheelies Motorcyles, 2620 Rock Bay Ave, Victoria, BC V8T 4R9",12668
2257,Willows Beach Park,"Willows Beach Park, 2740 Dalhousie St., Victoria, BC",12669
2258,Willows Beach Park,"Willows Beach Park, 2740 Dalhousie St., Victoria, BC",12669
2387,Willows Beach Park,"Willows Beach Park, 2740 Dalhousie St., Victoria, BC",12669
2396,Willows Beach Park,"Willows Beach Park, 2740 Dalhousie St., Victoria, BC",12669
2411,Willows Beach Park,"Willows Beach Park, 2740 Dalhousie St., Victoria, BC",12669
2422,Willows Beach Park,"Willows Beach Park, 2740 Dalhousie St., Victoria, BC",12669
2447,Willows Beach Park,"Willows Beach Park, 2740 Dalhousie St., Victoria, BC",12669
2464,Willows Beach Park,"Willows Beach Park, 2740 Dalhousie St., Victoria, BC",12669
