event_name,start_date,end_date,start_time,end_time,day_of_week,event_type,dance_style,description,price,location,url,source,time_stamp
AMAHOUSE Dance Jam & Art Social,2025-11-08,2025-11-08,18:00:00,23:55:00,Saturday,social dance,house,"A celebration of Dance, Creativity, Culture & Community featuring Amapiano, House, and South African sounds. Includes a dance workshop, interactive art activity, and pop-up vendors.",$20 GA | $35 for 2 (Online Only) | Door Tickets Available,"552 Clark DR, VANCOUVER, BC V5L3H7, CA",https://www.eventbrite.com/e/amahouse-dance-jam-art-social-tickets-1835875847079?aff=ebdssbdestsearch,Pattern Nation,2025-10-22 11:16:03.094331
What‚Äôs Up Wednesday - ALL White Edition,2025-11-19,2025-11-20,19:00:00,00:00:00,Wednesday,social dance,"zouk, kompa, kizomba, dancehall, afrobeats, soca, bouyon, shatta, rnb, hip-hop","All White party at Monarca, Nov 19th 7pm-12pm. 90's 2000's R&B Hip-Hop Afro-Caribbean with DJs Rae Diamendz, Chip$, Bison. 19+ with ID.",From $17.40,"Monarca, 181 Carrall, Vancouver, BC, CA",https://www.eventbrite.ca/e/whats-up-wednesday-all-white-edition-rnb-hip-hop-afro-caribbean-tickets-1805592217929?aff=ebdssbdestsearch,What's Up Wednesday/Weekend Vancouver,2025-10-22 11:15:37.537904
Zoukin‚ÄôVan Takes Over Mangos - Halloween Zouk & Forr√≥ Edition,2025-11-02,2025-11-02,15:30:00,21:00:00,Sunday,social dance,"zouk, forr√≥","Spooky beats & Brazilian heat! Zouk & Forr√≥ at Mango‚Äôs with live band, DJ, food, drinks & good vibes! Come dressed to impress (costumes encouraged!). The best costume will win a special treat. Enjoy Mango‚Äôs delicious food, cocktails, and great vibes in the heart of downtown.",$15,"1180 Howe, VANCOUVER, BC V6Z 1R2, CA",https://www.eventbrite.ca/e/zoukinvan-takes-over-mangos-halloween-zouk-forro-edition-tickets-1708174147859?aff=ebdssbdestsearch,Zoukin‚ÄôVan,2025-10-22 11:15:24.406444
What‚Äôs Up Wednesday - 2026 New Year‚Äôs Eve,2025-12-31,2026-01-01,20:00:00,01:00:00,Wednesday,live music,"salsa, kizomba","Goodbye 2025, hello 2026: What's Up Wednesday NYE at The Loft. 90s/00s R&B/Hip-Hop, Afro-Caribbean, sweet-savory bites + midnight toast.",$108.07,"The Loft by Earls, 1095 Mainland, Vancouver, BC V6B 6G9, CA",https://www.eventbrite.ca/e/whats-up-wednesday-2026-new-years-eve-rnb-hip-hop-afro-caribbean-tickets-1756543321359?aff=ebdssbdestsearch,What's Up Wednesday/Weekend Vancouver,2025-10-22 11:15:01.467107
WEST COAST PARTY CRAWL - ROUTE A,2025-10-25,2025-10-25,21:00:00,01:00:00,Saturday,social dance,hip hop,Visit the 4 best bars/nightclubs of Granville while meeting awesome people from around the world! Includes 1 shot at each location and free cover.,$18.37,"1017 Granville, CA",https://www.eventbrite.ca/e/west-coast-party-crawl-route-a-tickets-774644310987?aff=ebdssbdestsearch,West Coast Party Crawl,2025-10-22 11:14:27.939249
2025 WCW SHOW: Red Carpet Event @ PARADOX Hotel,2025-11-02,2025-11-02,10:00:00,16:00:00,Sunday,social dance,"swing, salsa, merengue, tango, west coast swing, wcs, east coast swing","The THIRD West Coast Wedding Show is here ‚Äî and this year it is bigger, bolder, and more inspiring than ever! With over 75 amazing vendors , an expanded space, and unforgettable experiences, this is the ultimate event for anyone planning their dream wedding. This is not your typical wedding fair. Think couture bridal gown fashion shows , live music , visionary design concepts, and a hand-picked selection of products and services designed to spark ideas, fuel your creativity, and help you craft the wedding you have always imagined.",CA$16 ‚Äì CA$26,"1161 Georgia, VANCOUVER, BC V6E 0C6, CA",https://www.eventbrite.ca/e/2025-wcw-show-red-carpet-event-paradox-hotel-tickets-1471561172079?aff=ebdssbdestsearch,West Coast Weddings,2025-10-22 11:14:16.313392
NEWSIES,2025-11-20,2025-11-20,19:00:00,,Wednesday,other,Broadway,"A weekend of thrilling performances from November 20th-23rd at 7:00 PM (Pacific Time) and two 1:00 PM Matinees. Join us for an unforgettable experience filled with music, dance, and excitement. Don't miss out on this opportunity to be entertained by talented artists showcasing their skills on stage.",$29.13,"2009 Cadboro Bay, VICTORIA, BC V8R 5G4, CA",https://www.eventbrite.ca/e/newsies-tickets-1487405974309?aff=ebdssbdestsearch,West Coast Triple Threat Performing Arts Society,2025-10-22 11:14:04.643114
NEWSIES,2025-11-21,2025-11-21,13:00:00,,Thursday,other,Broadway,"A weekend of thrilling performances from November 20th-23rd at 7:00 PM (Pacific Time) and two 1:00 PM Matinees. Join us for an unforgettable experience filled with music, dance, and excitement. Don't miss out on this opportunity to be entertained by talented artists showcasing their skills on stage.",$29.13,"2009 Cadboro Bay, VICTORIA, BC V8R 5G4, CA",https://www.eventbrite.ca/e/newsies-tickets-1487405974309?aff=ebdssbdestsearch,West Coast Triple Threat Performing Arts Society,2025-10-22 11:14:04.643114
NEWSIES,2025-11-21,2025-11-21,19:00:00,,Thursday,other,Broadway,"A weekend of thrilling performances from November 20th-23rd at 7:00 PM (Pacific Time) and two 1:00 PM Matinees. Join us for an unforgettable experience filled with music, dance, and excitement. Don't miss out on this opportunity to be entertained by talented artists showcasing their skills on stage.",$29.13,"2009 Cadboro Bay, VICTORIA, BC V8R 5G4, CA",https://www.eventbrite.ca/e/newsies-tickets-1487405974309?aff=ebdssbdestsearch,West Coast Triple Threat Performing Arts Society,2025-10-22 11:14:04.643114
NEWSIES,2025-11-22,2025-11-22,19:00:00,,Friday,other,Broadway,"A weekend of thrilling performances from November 20th-23rd at 7:00 PM (Pacific Time) and two 1:00 PM Matinees. Join us for an unforgettable experience filled with music, dance, and excitement. Don't miss out on this opportunity to be entertained by talented artists showcasing their skills on stage.",$29.13,"2009 Cadboro Bay, VICTORIA, BC V8R 5G4, CA",https://www.eventbrite.ca/e/newsies-tickets-1487405974309?aff=ebdssbdestsearch,West Coast Triple Threat Performing Arts Society,2025-10-22 11:14:04.643114
NEWSIES,2025-11-23,2025-11-23,13:00:00,,Saturday,other,Broadway,"A weekend of thrilling performances from November 20th-23rd at 7:00 PM (Pacific Time) and two 1:00 PM Matinees. Join us for an unforgettable experience filled with music, dance, and excitement. Don't miss out on this opportunity to be entertained by talented artists showcasing their skills on stage.",$29.13,"2009 Cadboro Bay, VICTORIA, BC V8R 5G4, CA",https://www.eventbrite.ca/e/newsies-tickets-1487405974309?aff=ebdssbdestsearch,West Coast Triple Threat Performing Arts Society,2025-10-22 11:14:04.643114
NEWSIES,2025-11-23,2025-11-23,19:00:00,,Saturday,other,Broadway,"A weekend of thrilling performances from November 20th-23rd at 7:00 PM (Pacific Time) and two 1:00 PM Matinees. Join us for an unforgettable experience filled with music, dance, and excitement. Don't miss out on this opportunity to be entertained by talented artists showcasing their skills on stage.",$29.13,"2009 Cadboro Bay, VICTORIA, BC V8R 5G4, CA",https://www.eventbrite.ca/e/newsies-tickets-1487405974309?aff=ebdssbdestsearch,West Coast Triple Threat Performing Arts Society,2025-10-22 11:14:04.643114
Royals Academy: 16th Annual Westcoast Showcase and ID Camp,2025-10-26,2025-10-26,09:00:00,15:00:00,Sunday,workshop,,The West Coast Showcase Camp provides all players with an opportunity to demonstrate their talents/skills in highly competitive situations for the college coaches working at and in attendance at the event.,$85 individuals,"1260 Pinetree, COQUITLAM, BC V3B 7Z4, CA",https://www.eventbrite.ca/e/royals-academy-16th-annual-westcoast-showcase-and-id-camp-tickets-1712408743649?aff=ebdssbdestsearch,Douglas College,2025-10-22 11:13:31.438874
Wayne Horvitz Presents Music for 10 Musicians,2025-11-01,2025-11-01,18:30:00,20:30:00,Saturday,live music,,Join us for new music performed by Wayne Horvitz and 9 of his collaborators in the unique acoustical ambience of The Church House.,$33.85,"The Church House, 1601 Mill, Bellingham, WA 98225, CA",https://www.eventbrite.com/e/wayne-horvitz-presents-music-for-10-musicians-tickets-1735696638369?aff=ebdssbdestsearch,Pat and Sharon,2025-10-22 11:13:19.408746
We Are One! 2025,2025-11-30,2025-11-30,14:00:00,15:30:00,Sunday,other,"Caribbean, celtic, folk, multicultural","Outstanding performers commemorate Human Solidarity Day and the International Day of Persons With Disabilities. Featuring: MC - Gregor Craigie (CBC Radio Host), Kalyna Ukrainian Choir, Hounds of Cuchulain (Celtic band), Caleb Hart (Caribbean), REACH! All Abilities Performing Co and Children's Chorus, Canadian College of Performing Arts dancers, members of Garth Homer Society Drama Club. Wheelchair accessible. Advanced tickets recommended.",CA$20 ‚Äì CA$30,"2009 Cadboro Bay, VICTORIA, BC V8R 5G4, CA",https://www.eventbrite.ca/e/we-are-one-2025-tickets-1839704659159?aff=ebdssbdestsearch,West Coast Reach Association,2025-10-22 11:13:05.600457
JOVICSS Annual Charity Christmas Dinner,2025-12-06,2025-12-06,18:00:00,22:00:00,Saturday,other,,"A charity event with a Jamaican-inspired feast, live entertainment, music, dancing, raffles, and door prizes. Proceeds support the Island Kids Cancer Association.",$65-$75,"753 Burnside RD, VICTORIA, BC V8Z1M9, CA",https://www.eventbrite.ca/e/jovicss-annual-charity-christmas-dinner-tickets-1717993226989?aff=ebdssbdestsearch,Jamaicans On Vancouver Island CSS,2025-10-22 11:12:27.562737
HUNKS The Show at Bar Two Eleven,2026-04-03,2026-04-03,20:00:00,22:00:00,Friday,live music,dance_performance,"Grab Your Tickets Now for a Night Full of Fun, Excitement, and Unforgettable Memories. Must be 21+ Doors open 7pm. Tickets are non-refundable. In the event of postponement or rescheduling, all tickets will be valid for the new date. Grab Your Tickets Today!",From $17.66,"Bar Two Eleven, 211 East Chestnut Street, Bellingham, WA 98225, CA",https://www.eventbrite.com/e/hunks-the-show-at-bar-two-eleven-bellingham-wa-040326-tickets-1810971036119?aff=ebdssbdestsearch,Hunks The Show,2025-10-22 11:12:11.628376
Aerialists (JUNO-Nominated) with Caraluna ‚Äì Live on Salt Spring Island,2025-11-14,2025-11-14,18:30:00,21:30:00,Friday,live music,,A Night of Spellbinding Folk Fusion at Beaver Point Hall November 14 | Doors 6:30 PM | Caraluna 7:00 | Aerialists 8:00 $20 early-bird (limited) ‚Üí $25 advance ‚Üí $30 door Two of Canada‚Äôs most captivating folk acts share the Beaver Point Hall stage for an unforgettable evening of musical alchemy.,$20 ‚Äì $25,"1361 Beaver Point RD, SALT SPRING ISLAND, BC V8K1W9, CA",https://www.eventbrite.ca/e/aerialists-juno-nominated-with-caraluna-live-on-salt-spring-island-tickets-1815976587859?aff=ebdssbdestsearch,Eventbrite,2025-10-22 11:09:57.411116
Yoga for dancers (and not only),2025-10-24,2025-10-24,09:30:00,10:30:00,Friday,class,"salsa, tango","Designed by and for dancers, this class helps you recover faster, prevent injuries, and refine your lines so you can express yourself freely.",$20.00,"54 4th, VANCOUVER, BC V5T 1E8, CA",https://www.eventbrite.ca/e/yoga-for-dancers-and-not-only-tickets-1406605598209?aff=ebdssbdestsearch,Ola Ruminska,2025-10-22 11:09:23.607967
Country Swing Dance with Lessons (18-35yr) (10$ cover) *Beginner Friendly*,2025-10-28,2025-10-28,19:00:00,22:00:00,Tuesday,class,"swing, linedancing, countrydance",Come learn how to swing & line dance with beginner friendly lessons from Highpoint Swing! Lessons start @7:00pm & open floor starts @8:00pm,$10,"Oly's Dancesport Studio, 2931 Bond, Everett, WA 98201, CA",https://www.eventbrite.com/e/country-swing-dance-with-lessons-18-35yr-10-cover-beginner-friendly-tickets-1781980063339?aff=ebdssbdestsearch,Highpoint Swing,2025-10-22 11:08:50.097804
BRASS TAX live band dance drink food pool,2025-10-29,2025-10-29,20:00:00,23:00:00,Wednesday,live music,swing,"Live band, dancing, drinks, food, and a pool table with a free taster lesson in the band break. No cover, pay your brass taxes into the hat or buy a few drinks.",$0,"1901 Powell, VANCOUVER, BC V5L 1J2, CA",https://www.eventbrite.ca/e/brass-tax-live-band-dance-drink-food-pool-at-the-princeton-pub-every-wed-tickets-1748597485149?aff=ebdssbdestsearch,The Dusty Flowerpot Cabaret,2025-10-22 11:08:37.874942
BRASS TAX live band dance drink food pool,2025-11-05,2025-11-05,20:00:00,23:00:00,Wednesday,live music,swing,"Live band, dancing, drinks, food, and a pool table with a free taster lesson in the band break. No cover, pay your brass taxes into the hat or buy a few drinks.",$0,"1901 Powell, VANCOUVER, BC V5L 1J2, CA",https://www.eventbrite.ca/e/brass-tax-live-band-dance-drink-food-pool-at-the-princeton-pub-every-wed-tickets-1748597485149?aff=ebdssbdestsearch,The Dusty Flowerpot Cabaret,2025-10-22 11:08:37.874942
BRASS TAX live band dance drink food pool,2025-11-12,2025-11-12,20:00:00,23:00:00,Wednesday,live music,swing,"Live band, dancing, drinks, food, and a pool table with a free taster lesson in the band break. No cover, pay your brass taxes into the hat or buy a few drinks.",$0,"1901 Powell, VANCOUVER, BC V5L 1J2, CA",https://www.eventbrite.ca/e/brass-tax-live-band-dance-drink-food-pool-at-the-princeton-pub-every-wed-tickets-1748597485149?aff=ebdssbdestsearch,The Dusty Flowerpot Cabaret,2025-10-22 11:08:37.874942
BRASS TAX live band dance drink food pool,2025-11-19,2025-11-19,20:00:00,23:00:00,Wednesday,live music,swing,"Live band, dancing, drinks, food, and a pool table with a free taster lesson in the band break. No cover, pay your brass taxes into the hat or buy a few drinks.",$0,"1901 Powell, VANCOUVER, BC V5L 1J2, CA",https://www.eventbrite.ca/e/brass-tax-live-band-dance-drink-food-pool-at-the-princeton-pub-every-wed-tickets-1748597485149?aff=ebdssbdestsearch,The Dusty Flowerpot Cabaret,2025-10-22 11:08:37.874942
BRASS TAX live band dance drink food pool,2025-11-26,2025-11-26,20:00:00,23:00:00,Wednesday,live music,swing,"Live band, dancing, drinks, food, and a pool table with a free taster lesson in the band break. No cover, pay your brass taxes into the hat or buy a few drinks.",$0,"1901 Powell, VANCOUVER, BC V5L 1J2, CA",https://www.eventbrite.ca/e/brass-tax-live-band-dance-drink-food-pool-at-the-princeton-pub-every-wed-tickets-1748597485149?aff=ebdssbdestsearch,The Dusty Flowerpot Cabaret,2025-10-22 11:08:37.874942
BRASS TAX live band dance drink food pool,2025-12-03,2025-12-03,20:00:00,23:00:00,Wednesday,live music,swing,"Live band, dancing, drinks, food, and a pool table with a free taster lesson in the band break. No cover, pay your brass taxes into the hat or buy a few drinks.",$0,"1901 Powell, VANCOUVER, BC V5L 1J2, CA",https://www.eventbrite.ca/e/brass-tax-live-band-dance-drink-food-pool-at-the-princeton-pub-every-wed-tickets-1748597485149?aff=ebdssbdestsearch,The Dusty Flowerpot Cabaret,2025-10-22 11:08:37.874942
BRASS TAX live band dance drink food pool,2025-12-10,2025-12-10,20:00:00,23:00:00,Wednesday,live music,swing,"Live band, dancing, drinks, food, and a pool table with a free taster lesson in the band break. No cover, pay your brass taxes into the hat or buy a few drinks.",$0,"1901 Powell, VANCOUVER, BC V5L 1J2, CA",https://www.eventbrite.ca/e/brass-tax-live-band-dance-drink-food-pool-at-the-princeton-pub-every-wed-tickets-1748597485149?aff=ebdssbdestsearch,The Dusty Flowerpot Cabaret,2025-10-22 11:08:37.874942
BRASS TAX live band dance drink food pool,2025-12-17,2025-12-17,20:00:00,23:00:00,Wednesday,live music,swing,"Live band, dancing, drinks, food, and a pool table with a free taster lesson in the band break. No cover, pay your brass taxes into the hat or buy a few drinks.",$0,"1901 Powell, VANCOUVER, BC V5L 1J2, CA",https://www.eventbrite.ca/e/brass-tax-live-band-dance-drink-food-pool-at-the-princeton-pub-every-wed-tickets-1748597485149?aff=ebdssbdestsearch,The Dusty Flowerpot Cabaret,2025-10-22 11:08:37.874942
BRASS TAX live band dance drink food pool,2025-12-24,2025-12-24,20:00:00,23:00:00,Wednesday,live music,swing,"Live band, dancing, drinks, food, and a pool table with a free taster lesson in the band break. No cover, pay your brass taxes into the hat or buy a few drinks.",$0,"1901 Powell, VANCOUVER, BC V5L 1J2, CA",https://www.eventbrite.ca/e/brass-tax-live-band-dance-drink-food-pool-at-the-princeton-pub-every-wed-tickets-1748597485149?aff=ebdssbdestsearch,The Dusty Flowerpot Cabaret,2025-10-22 11:08:37.874942
BRASS TAX live band dance drink food pool,2025-12-31,2025-12-31,20:00:00,23:00:00,Wednesday,live music,swing,"Live band, dancing, drinks, food, and a pool table with a free taster lesson in the band break. No cover, pay your brass taxes into the hat or buy a few drinks.",$0,"1901 Powell, VANCOUVER, BC V5L 1J2, CA",https://www.eventbrite.ca/e/brass-tax-live-band-dance-drink-food-pool-at-the-princeton-pub-every-wed-tickets-1748597485149?aff=ebdssbdestsearch,The Dusty Flowerpot Cabaret,2025-10-22 11:08:37.874942
CREAM Halloween!,2025-10-31,2025-11-01,21:00:00,02:30:00,Friday,social dance,,A hedonsitic queer party on all hallows eve with a costume contest at midnight. Hosted by Bliss & Mx Bukuru with deejays and performances.,"$20 Early Bird, $26 Tier 1, $35 Tier 2","1884 Main, VANCOUVER, BC V5T 3B7, CA",https://www.eventbrite.com/e/cream-halloween-tickets-1661910281389?aff=ebdssbdestsearch,The Bunker,2025-10-22 11:07:51.208679
BRASS TAX TRIO live band dance drink food at STRANGE FELLOWS SUNDAYS,2025-10-26,2026-10-18,19:00:00,21:30:00,Sunday,social dance,swing,Weekly Sunday live jazz trio BRASS TAX with swing dancing; free taster lesson at 20:00 during the band break. No cover‚Äîdonations (cash or e-transfer to dustyflowerpotcabaret@gmail.com) appreciated. Weekly recurring event.,No cover; donations appreciated,"2021 Estevan, NANAIMO, BC V9S 3Y9, CA",https://www.eventbrite.ca/e/brass-tax-trio-live-band-dance-drink-food-at-strange-fellows-sundays-tickets-1748640844839?aff=ebdssbdestsearch,The Dusty Flowerpot Cabaret,2025-10-22 11:07:40.810353
Last Bollywood Boat Party Vancouver 2025,2025-11-01,2025-11-02,21:30:00,01:30:00,Saturday,social dance,Bollywood,"Last chance to party Bollywood style on the water. Dance, Live DJs, drinks and cruise through Vancouver‚Äôs skyline before the season ends. Highlights include a rooftop dance floor, heated indoor deck, and skyline views through False Creek, English Bay & Inner Harbour. Dress Code: Halloween Costumes or Desi glam.",$35,"760 Pacific, VANCOUVER, BC V6B 5E7, CA",https://www.eventbrite.com/e/last-bollywood-boat-party-vancouver-2025-tickets-1815586972509?aff=ebdssbdestsearch,vancouverboatparties.com,2025-10-22 11:05:29.454694
Roots & Rhythm Dance - CISCLES ‚Ä¢ KAYA KO,2025-11-18,2025-11-18,18:45:00,22:00:00,Tuesday,social dance,conscious dance,"Roots & Rhythm is a fun conscious dance & sound healing meditation rooted in community. 1X a month at The Beaumont Studios. All are welcome! Join us for a night of deep connection, movement, and sound.",$20 (until Nov 16) / $25,"380 5th, VANCOUVER, BC V5Y 1J5, CA",https://www.eventbrite.ca/e/roots-rhythm-dance-ciscles-tickets-1783431805539?aff=ebdssbdestsearch,Roots & Rhythm Dance,2025-10-22 11:05:15.284027
The Haunted Hop | Victoria Halloween Bar Crawl,2025-10-31,2025-11-01,20:00:00,02:00:00,Friday,social dance,,"Get ready for the biggest Halloween Crawl in Victoria on Friday, Oct 31st. Hit the city's top bars & clubs! Date and time Fri, Oct 31, 2025 8:00 PM - Sat, Nov 1, 2025 2:00 AM PDT Location TBA TBA Victoria, BC TBA Get directions Good to know Highlights 6 hours In person Refund Policy No refunds Highlights 6 hours In person Refund Policy No refunds About this event Holiday ‚Ä¢ Halloween üéÉüï∏Ô∏è VICTORIA HAUNTED HOP BAR CRAWL 2025 üï∏Ô∏èüéÉ Get ready for the craziest Halloween celebration in Victoria. Join The Haunted Hop - Halloween Bar Crawl on Friday, October 31st, 2025 , and access to 4+ of Victoria‚Äôs hottest bars and nightclubs! üé∂ Music: Live DJs playing the hottest hits and Halloween classics. üìç Crawl Stops: TBA‚ÄîVictoria's hottest bars and nightclubs for an unforgettable Halloween celebration! üïô Kickoff: Doors open at 8:00 PM. Wristbands must be picked up by 10:30 PM! üéü Tickets: Starting at just $15. Prices go up soon, so don‚Äôt wait! Throw on your wildest costume and get ready to crawl through the city with hundreds of partygoers. Whether you're creepy, cute, or covered in fake blood‚Äîthis is the crawl to be a part of on Halloween night.üßü‚Äç‚ôÄÔ∏è ‚≠ê Voted Victoria‚Äôs #1 Halloween Bar Crawl Experience! Gather your ghouls and take over the city with The Haunted Hop Bar Crawl this Halloween, hitting Victoria‚Äôs top bars. üö® This event is limited to 500 attendees, so grab your tickets early before they sell out! Don‚Äôt miss your chance to celebrate this big holiday‚Äîsecure your spot before it‚Äôs too late! VICTORIA HALLOWEEN BAR CRAWL What‚Äôs Included in Your Ticket: üéÉ Join Hundreds of Halloween Partygoers in Victoria üö´ No Cover at All Participating Venues üéüÔ∏è Exclusive Haunted Hop Bar Crawl Wristband for Entry üì± Bar Crawl Map to Navigate Each Spooky Stop üó∫Ô∏è üéµ Live DJs Spinning Halloween Hits and Party Anthems üï∫ End the Night in Style at the Final Haunted Venue üëª Costume up and crawl your way through Victoria‚Äôs hottest bars. Enjoy eerie drink specials, electric energy, and make Halloween a night to remember! üö® Get Your Haunted Hop 2025 Halloween Bar Crawl Tickets Before We Sell Out! üö® ü¶áVictoria‚Äôs biggest Halloween bash is just around the corner. Costumes, cocktails, and chaos await across the city's top nightlife spots. It‚Äôs time to show off your best look and turn heads all night long. Whether you're spooky, sexy, or just straight-up wild, this Haunted Hop Halloween Bar Crawl is your chance to shine. Hit the city‚Äôs most popular bars, enjoy themed drinks, and party with hundreds of fellow Halloween lovers. Your costume deserves a crowd, and this is where to find it.",$15,"Victoria, BC, CA",https://www.eventbrite.ca/e/the-haunted-hop-victoria-halloween-bar-crawl-friday-october-31st-tickets-1485146817109?aff=ebdssbdestsearch,The Haunted Hop | Victoria Halloween Bar Crawl,2025-10-22 11:04:36.415056
"Ela, Marisa: A Celebration of The Brazilian Diva Marisa Monte",2025-11-14,2025-11-14,18:00:00,20:00:00,Friday,live music,,"Join amarElas for a poetic and powerful night celebrating the music of Brazilian icon Marisa Monte. The all-women Brazilian band will reimagine Marisa‚Äôs timeless songs, blending harmony, rhythm, and emotion in a show that promises to move, uplift, and connect.",From CA$27.96,"1372 Island Park, VANCOUVER, BC V6H 3T5, CA",https://www.eventbrite.ca/e/ela-marisa-a-celebration-of-the-brazilian-diva-marisa-monte-tickets-1744049080749?aff=ebdssbdestsearch,amarElas band,2025-10-22 11:04:02.908350
Brazilian Experience | LAHM 2025,2025-10-24,2025-10-24,19:00:00,23:59:00,Friday,live music,"samba, forr√≥","Experience Brazilian music & dance in Vancouver! Join us on Oct 24 at Latin Plaza Hub, Gastown, for an Afro-Brazilian cultural celebration.",CA$11.63,"68 Water, VANCOUVER, BC V6B 1A4, CA",https://www.eventbrite.ca/e/brazilian-experience-lahm-2025-tickets-1661257057579?aff=ebdssbdestsearch,Latincouver Cultural and Business Society,2025-10-22 11:03:49.794511
Samhain Sacrament,2025-10-25,2025-10-25,20:00:00,23:59:00,Saturday,social dance,swing,"FLoFL presents another Fine Arts Rave. The Threequel to Symphonic Surrealism and Glitch Gala. Expect music, lights, and dance; space to create art; video and board games; art installations; performances ranging from stand-up comedy to dancing clowns; and more! It doesn't end at 11:59pm, stay until the Witching Hour! There will be rituals taking place throughout the evening, sacraments, that you make partake in as you reconnect with your worst self. Tonight, we invite you to rejoin with the villainy of the veil.",CA$22.73,"722 Cormorant ST, VICTORIA, BC V8W1P8, CA",https://www.eventbrite.ca/e/samhain-sacrament-tickets-1763448354499?aff=ebdssbdestsearch,FLoFL,2025-10-22 11:03:35.247798
Latin Night Langley!,2025-10-25,2025-10-25,21:00:00,,Saturday,social dance,"salsa, cumbia, merengue, reggaeton","The first Latin Night in Langley is here! Enjoy a night full of salsa, cumbia, reggaeton, flavor, and celebration with live music + DJ, 100% Latin vibes, dance floor, cocktails, food, and lots of salsa.",$20 + fees,"19640 64 AVE, LANGLEY, BC V2Y1H3, CA",https://www.eventbrite.ca/e/latin-night-langley-tickets-1847082095269?aff=ebdssbdestsearch,TL Events,2025-10-22 11:03:00.806880
Salsalloween at Mangos,2025-10-30,2025-10-31,20:00:00,01:00:00,Thursday,social dance,salsa,"Get ready for the ultimate Salsalloween fiesta! 'Caliente Halloween' is taking over Mangos, the biggest Salsa. Welcome to Salsalloween! Come join us for a spooktacular night of salsa dancing at . Put on your best costume and dance the night away to Latin beats under the stars. Get ready for a night filled with fun , music , and dancing with fellow salsa enthusiasts. Whether you're a beginner or a seasoned pro, this event is perfect for everyone. Don't miss out on this exciting opportunity to celebrate Halloween in style with a twist of Latin flair . Grab your friends and get ready for a memorable night at Salsalloween!",$12.58,"1180 Howe, VANCOUVER, BC V6Z 1R2, CA",https://www.eventbrite.ca/e/salsalloween-at-mangos-tickets-1798084672659?aff=ebdssbdestsearch,Vancouver Latin Fever,2025-10-22 11:02:48.436977
Date Night- Salsa Edition,2025-11-21,2025-11-21,19:00:00,20:00:00,Friday,class,salsa,"Beginner salsa lesson, no partner required! Taught by Leilani, our salsa specialist. Single tickets = $20 + fees, Couples tickets = $35 + fees.",From CA$23.76,"3223 Fraser, VANCOUVER, BC V5V 4B8, CA",https://www.eventbrite.ca/e/date-night-salsa-edition-tickets-1744387954329?aff=ebdssbdestsearch,Made Talents,2025-10-22 11:02:25.882324
PARRANDA COLOMBIA DEL DESPECHO AL PERREO,2025-11-08,2025-11-09,21:00:00,02:00:00,Saturday,live music,"salsa, merengue","Live band performance featuring salsa, merengue, popular and vallenato music. Drink promotions and street parking available.",Mujeres $10 | Hombres $20,"Bimini's Pub & Lounge, 2010 West 4th, Vancouver, BC, CA",https://www.eventbrite.ca/e/parranda-colombia-del-despecho-al-perreo-tickets-1816807944469?aff=ebdssbdestsearch,Frankie Hidalgo Entertainment,2025-10-22 11:01:54.789775
RUMBA SEATTLE,2026-01-01,2026-01-01,19:00:00,23:59:00,Thursday,social dance,rumba,"Come join us for a night of rhythmic fun at The Chapel Lounge! Get ready to dance the night away to Latin music and enjoy delicious cocktails with friends. Whether you're a seasoned salsa dancer or just looking to have a good time, this event is perfect for everyone. Don't miss out on the excitement - mark your calendars now!",$33.85,"The Chapel Lounge, 213 1st Avenue South, Seattle, WA 98104, United States",https://www.eventbrite.com/e/rumba-seattle-tickets-1827543625179?aff=ebdssbdestsearch,RUMBA SEATTLE,2025-10-22 11:01:40.302200
RHYTHM of THE NiGHT,2025-10-25,2025-10-26,21:30:00,02:30:00,Saturday,social dance,"90s dance, disco, y2k, remixes, classic house, voguing, dance floor hits, queer icons, new wave, synth, vintage rave, eurodance, electropop, 90s and 00s hip hop, 80s and 90s electronic, early 2000s dance","An extra special night of non-stop nostalgia - queer 4 queer warehouse dance party. A tribute to the 90s club kid culture. Dress to impress, looks highly encouraged. Cash prize for best club kid look. Bewitching beats with DJs. Ghastly performances and supernaturally sexy gogos. Partial proceeds donated to the Downtown Eastside Women‚Äôs Centre.",$15,"44 4th, VANCOUVER, BC V5Y 1G3, CA",https://www.eventbrite.ca/e/rhythm-of-the-night-90s-halloween-dance-party-tickets-1735059091449?aff=ebdssbdestsearch,The Birdhouse,2025-10-22 11:01:29.004883
Nights of Rumba - NYS Rising Star Fundraiser Gala,2025-10-25,2025-10-25,17:30:00,22:30:00,Saturday,live music,rumba,"A Night Where Purpose Meets Culture ‚Äî New Young Scholars 10th Anniversary Gala x Nights of Rumba. Join us for a one-of-a-kind evening as NYScholars celebrates 10 years of impact, empowerment, and community transformation ‚Äî in partnership with Harnaac‚Äôs Nights of Rumba, Seattle‚Äôs premier Congolese cultural experience.",$55.20,"The Swedish Club, 1920 Dexter, Seattle, WA 98109, CA",https://www.eventbrite.com/e/nights-of-rumba-nys-rising-star-fundraiser-gala-tickets-1774816065629?aff=ebdssbdestsearch,HARNAAC,2025-10-22 11:01:03.836258
Rumba Roots - Latin Party,2025-10-31,2025-11-01,19:00:00,01:00:00,Friday,social dance,salsa,"A vibrant celebration of Latin music, dance & culture! Enjoy live music performances, exciting dance performances, and dance all night with beats from DJ SoundLoco. Indulge in delicious Peruvian food and refreshing drinks by Artesano.",CA$33.40,"728 Kingsway, VANCOUVER, BC V5V 3C1, CA",https://www.eventbrite.ca/e/rumba-roots-latin-party-tickets-1662509293049?aff=ebdssbdestsearch,Roots Peruvian Folk Dance,2025-10-22 11:00:50.824552
Colombian Traditional Dance,2025-10-25,2025-10-25,17:00:00,18:00:00,Saturday,workshop,"cumbia, mapal√©, bambuco","Experience the vibrant rhythms of Colombian traditional dance at the Latin Plaza Hub in Vancouver‚Äôs Gastown. This cultural workshop highlights the joy and history of dances like cumbia, mapal√©, and bambuco, each blending Indigenous, African, and Spanish influences into a powerful expression of identity and celebration. Through guided steps and storytelling, participants will explore the meanings, origins, and movements behind Colombia‚Äôs most emblematic dances while connecting with the spirit of community and cultural pride.",CA$11.08,"68 Water, VANCOUVER, BC V6B 1A4, CA",https://www.eventbrite.ca/e/colombian-traditional-dance-tickets-1661453144079?aff=ebdssbdestsearch,Latincouver Cultural and Business Society,2025-10-22 11:00:36.983112
DIA DE VELITAS,2025-12-07,2025-12-07,15:00:00,20:00:00,Sunday,live music,rumba_latina,"Celebrate with live music, traditional Colombian food, lantern workshop for kids, candle lighting, and raffles.",Free,"6688 Southoaks Crescent, Burnaby, BC V5E 4M7, CA",https://www.eventbrite.com/e/dia-de-velitas-tickets-1831843847259?aff=ebdssbdestsearch,Colombian Canadian Association BC,2025-10-22 11:00:11.928984
NYS Rising Stars 2025 Fundraising Gala x Nights of Rumba,2025-10-25,2025-10-25,17:30:00,23:00:00,Saturday,live music,rumba,"A powerful evening of music, connection and philanthropy. Get ready to experience a reimagined gala that unites fine dining, inspiring stories, live performances, cultural expression and heartfelt giving, all under one roof and for one purpose: Raise critical funds to empower youth through education, mentorship and community.","$45 ‚Äì $1,040","The Swedish Club, 1920 Dexter, Seattle, WA 98109, CA",https://www.eventbrite.com/e/nys-rising-stars-2025-fundraising-gala-x-nights-of-rumba-tickets-1790542935119?aff=ebdssbdestsearch,NEW YOUNG SCHOLARS,2025-10-22 11:00:02.662679
ANDROMEDIK with Special Guest FRED V,2025-12-12,2025-12-12,22:00:00,,Friday,live music,,ANDROMEDIK with Special Guest FRED V,$29.78,"Victoria Event Centre, Broad, Victoria, BC, CA",https://www.eventbrite.ca/e/yvr-x-og-halloween-event-tickets-1735824621169?aff=ebdssbdestsearch,ENSO,2025-10-22 10:59:07.212683
Comedy WRITING WORKSHOP - 30 tips,2026-01-10,2026-01-10,12:00:00,,Saturday,workshop,,Comedy Writing Workshop,$24.50,"False Creek Community Centre, CA",https://www.eventbrite.ca/e/yvr-x-og-halloween-event-tickets-1735824621169?aff=ebdssbdestsearch,FunnyFest Calgary Comedy Festival Society,2025-10-22 10:59:07.212683
DJ SODA,2025-11-21,2025-11-21,22:00:00,,Friday,live music,,DJ SODA,$26.28,"Victoria Event Centre, Broad, Victoria, BC, CA",https://www.eventbrite.ca/e/yvr-x-og-halloween-event-tickets-1735824621169?aff=ebdssbdestsearch,ENSO,2025-10-22 10:59:07.212683
Halloween Eve paint party at Tigh-na-Mara with Ginja & Ty!,2025-10-30,2025-10-30,18:00:00,,Thursday,other,,Halloween Eve paint party,$45.00,"Cedars Restaurant & Lounge, CA",https://www.eventbrite.ca/e/yvr-x-og-halloween-event-tickets-1735824621169?aff=ebdssbdestsearch,Island ART Night,2025-10-22 10:59:07.212683
Halloween Event @ Aurum Nightclub!,2025-10-31,2025-10-31,21:00:00,,Friday,social dance,,Fun Dance Party: Halloween Event,$23.76,"Arum Event Centre, Vancouver, BC, CA",https://www.eventbrite.ca/e/yvr-x-og-halloween-event-tickets-1735824621169?aff=ebdssbdestsearch,eventbrite,2025-10-22 10:59:07.212683
MONSTER BASH - VANCOUVER'S BIGGEST HALLOWEEN EVENT,2025-10-31,2025-10-31,21:00:00,,Friday,social dance,,Fun Dance Party: Halloween Event,$10.49,"Victoria Event Centre, Broad, Victoria, BC, CA",https://www.eventbrite.ca/e/yvr-x-og-halloween-event-tickets-1735824621169?aff=ebdssbdestsearch,eventbrite,2025-10-22 10:59:07.212683
Quarterly Meeting,2025-11-06,2025-11-06,17:30:00,,Thursday,other,,Quarterly Meeting,$0.00,"Steamworks Brewpub, CA",https://www.eventbrite.ca/e/yvr-x-og-halloween-event-tickets-1735824621169?aff=ebdssbdestsearch,100 Gay Men for a Cause ‚Äì YVR,2025-10-22 10:59:07.212683
Stand Up Comedy WORKSHOP- WEEKEND,2026-06-27,2026-06-28,10:00:00,,Saturday,workshop,,Stand Up Comedy Workshop,$389.00,"False Creek Community Centre, CA",https://www.eventbrite.ca/e/yvr-x-og-halloween-event-tickets-1735824621169?aff=ebdssbdestsearch,FunnyFest Calgary Comedy Festival Society,2025-10-22 10:59:07.212683
TRIVECTA,2025-12-20,2025-12-20,22:00:00,,Saturday,live music,,TRIVECTA,$23.95,"Victoria Event Centre, Broad, Victoria, BC, CA",https://www.eventbrite.ca/e/yvr-x-og-halloween-event-tickets-1735824621169?aff=ebdssbdestsearch,ENSO,2025-10-22 10:59:07.212683
Vancouver's Biggest University Halloween Rager @ Greta Bar YVR,2025-11-01,2025-11-01,21:00:00,,Saturday,social dance,,Halloween Rager,$0.00,"GRETA Bar YVR, CA",https://www.eventbrite.ca/e/yvr-x-og-halloween-event-tickets-1735824621169?aff=ebdssbdestsearch,Make Parties Fun Again,2025-10-22 10:59:07.212683
YVR X OG Halloween Event,2025-10-24,2025-10-24,20:00:00,,Friday,social dance,,Huge Halloween event for people between the age of 16-19!,,"Arum Event Centre, Vancouver, BC, CA",https://www.eventbrite.ca/e/yvr-x-og-halloween-event-tickets-1735824621169?aff=ebdssbdestsearch,Ryan Corda,2025-10-22 10:59:07.212683
Brass Queens,2025-10-25,2025-10-25,19:30:00,21:00:00,Saturday,live music,swing,Brass Queens' nine-piece women-led brass band combines New York charm with New Orleans party this October 25th.,$32 advance/VJS Members | $38 at the door (service charges may apply),"Cameron Bandshell, Beacon Hill Park, Victoria, British Columbia, CA",https://www.eventbrite.com/e/brass-queens-tickets-1689514516399?aff=ebdssbdestsearch,Victoria Jazz Society,2025-10-22 10:57:59.707980
Nelda Swiggett Quintet - 'For the Birds',2025-11-15,2025-11-15,14:00:00,15:30:00,Saturday,live music,,"Live music, images, and poetry invite reflection on our changing climate. Pre-concert talk by avian ecologist Bob Boekelheide at 1:30 pm.",$10 - $20 / Students $5,"Holy Trinity Lutheran Church, Port Angeles, WA, CA",https://www.eventbrite.com/e/nelda-swiggett-quintet-for-the-birds-tickets-1632977612999?aff=ebdssbdestsearch,Olympic Climate Action,2025-10-22 10:57:18.433151
Payadora,2025-11-10,2025-11-10,19:30:00,21:00:00,Monday,live music,tango,"Argentinian/Uruguayan tango, folk, and beyond at the Mary Winspear Centre in Sidney this November 10th! Highlights all ages In person Doors at 7:00 PM Refund Policy No refunds",$47 Reserved Seating | $42 VJS Members (plus service charges),"2343 Beacon, SIDNEY, BC V8L 1W9, CA",https://www.eventbrite.com/e/payadora-tickets-1689531988659?aff=ebdssbdestsearch,Victoria Jazz Society,2025-10-22 10:54:48.597712
BRAVE  - a 5Rhythms¬Æ Dance Immersion with Anne Marie Hogya + Bettina Rothe,2025-11-21,2025-11-23,19:00:00,16:00:00,Friday,workshop,"dance, movement, consciousdance, movement_meditation","In this 5Rhythms¬Æ Waves and Heartbeat weekend dance | movement workshop we will explore the physical and emotional terrain of our brave. Embodiment practices, a wooden sword ritual, as well as opportunities for speaking up will be part of this empowering weekend. Together we will explore how to increase our tolerance and receptivity for bravery. When we open ourselves to new possibilities of being and relating in the world we can take one brave step at a time and see where they take us. All are welcome. No previous experience is required.",$365 / $325 early bird if paid by October 10th,"5575 West Saanich, VICTORIA, BC V9E 2G1, CA",https://www.eventbrite.ca/e/brave-a-5rhythms-dance-immersion-with-anne-marie-hogya-bettina-rothe-tickets-1359876710849?aff=ebdssbdestsearch,Anne Marie Hogya,2025-10-22 10:54:34.762741
Polyrhythmics with Wack,2025-11-22,2025-11-22,19:00:00,,Saturday,live music,,"Seattle‚Äôs Polyrhythmics return to Vancouver! Get ready for a night full of funk, soul, psychedelic rock, R&B, progressive jazz, & afrobeat! Ages 19+. Doors open at 7:00 PM.",$32.46,"254 Hastings, VANCOUVER, BC V6A 1P1, CA",https://www.eventbrite.ca/e/polyrhythmics-with-wack-tickets-1475124279429?aff=ebdssbdestsearch,Rickshaw Theatre,2025-10-22 10:53:46.141549
Non-Stop Disco Party,2025-10-24,2025-10-25,22:30:00,02:00:00,Friday,social dance,disco,Join us for an evening of vintage dance music as we put four to the floor in tribute to disco glamour from the 70s to 00s.,$13 Online / $18 Door,"2235 Commercial, VANCOUVER, BC V5N 4B6, CA",https://www.eventbrite.com/e/non-stop-disco-party-tickets-1689746209399?aff=ebdssbdestsearch,The Fox Cabaret,2025-10-22 10:53:14.634074
HAVANA FRIDAYS,2025-10-24,2025-10-24,18:00:00,00:00:00,Friday,social dance,"salsa, bachata, merengue, reggaeton","Havana Fridays is a salsa dancing event with a good mix of Latin Music. Free Latin combo dance classes. Four types of tickets available: Dinner & Dancing (Groups 10 or more People), Dinner & Dancing (up to 9 People), Table Service After 10pm, Dancing Only Tickets. Includes cover charge for the dancing, DJ and dance lesson.",$22.23 - $54,"1180 Howe, VANCOUVER, BC V6Z 1R2, CA",https://www.eventbrite.ca/e/havana-fridays-tickets-440099358027?aff=ebdssbdestsearch,Vancouver Latin Fever,2025-10-22 10:53:02.752028
911 Salsa Tuesdays,2025-10-28,2026-10-20,20:30:00,01:00:00,Tuesday,social dance,"salsa, bachata, merengue",Weekly salsa night with DJ Cachete. Complimentary salsa classes 20:30-21:30 (beginner & intermediate) followed by social dancing 21:30-01:00. Running since 2001.,From $0.00,"1180 Howe, VANCOUVER, BC V6Z 1R2, CA",https://www.eventbrite.ca/e/911-salsa-tuesdays-tickets-30802940424?aff=ebdssbdestsearch,Vancouver Latin Fever,2025-10-22 10:52:46.381961
Dia de los Muertos at Mangos,2025-11-01,2025-11-02,20:30:00,02:00:00,Saturday,social dance,"salsa, merengue, bachata, reggaeton","Join us for Dia de los Muertos celebration with Latin music, costume contest, and tropical drink specials.",From $18.18,"1180 Howe, VANCOUVER, BC V6Z 1R2, CA",https://www.eventbrite.ca/e/dia-de-los-muertos-at-mangos-tickets-1798126557939?aff=ebdssbdestsearch,Vancouver Latin Fever,2025-10-22 10:51:18.770946
LATIN HALLOWEEN BOAT PARTY VANCOUVER 2025,2025-10-31,2025-11-01,20:00:00,00:00:00,Friday,social dance,"reggaeton, salsa, merengue, bachata","Vancouver‚Äôs ONLY Latin Halloween Boat Party! 3 levels, 2 dance floors, 3-hour cruise, live DJs, bar & 375+ guests!",$25,"1601 Bayshore, VANCOUVER, BC V6G 2V4, CA",https://www.eventbrite.com/e/latin-halloween-boat-party-vancouver-2025-tickets-start-at-25-tickets-1486207248889?aff=ebdssbdestsearch,Vancouver Latin Boat Parties,2025-10-22 10:51:07.166143
Azucar Saturday,2025-10-25,2025-10-25,18:00:00,,Saturday,social dance,"bachata, salsa, merengue","Latin dancing night with various ticket options including dinner and dancing, table service, and dancing-only tickets.",$54,"1180 Howe, VANCOUVER, BC V6Z 1R2, CA",https://www.eventbrite.ca/e/azucar-saturday-tickets-440120942587?aff=ebdssbdestsearch,Vancouver Latin Fever,2025-10-22 10:50:51.301005
Casa Del Ritmo Latin Thriller Party,2025-10-25,2025-10-25,21:00:00,02:00:00,Saturday,live music,"salsa, merengue, cumbia","Join us for a LATIN THRILLER PARTY at CASA DEL RITMO with live music by LA CLAVE ORCHESTRA bringing you Salsa, Merengue & Cumbia. Featuring DJ JOSE T playing all the party anthems: Latin, Urban, Reggaeton, Club Hits & much more!",CA$33.28,"222 5th, VANCOUVER, BC V5Y 1J4, CA",https://www.eventbrite.ca/e/la-clave-orchestra-presents-casa-del-ritmo-latin-thriller-partyventuraroom-tickets-1749741637339?aff=ebdssbdestsearch,La Clave Orchestra,2025-10-22 10:50:39.683368
¬°LA ULTIMA NOCHE! | LATIN NYE BOAT PARTY VANCOUVER 2026,2025-12-31,2026-01-01,21:00:00,01:00:00,Wednesday,live music,"reggaeton, salsa, bachata, merengue, hip hop, r&b, dancehall, edm, top 40","Sail into 2026 with fiery Latin beats, stunning views, and champagne vibes aboard Vancouver‚Äôs hottest NYE Boat Party! 4 hours ages 19+ In person Paid parking Doors at 8:45 PM. Two Dance Floors + Rooftop Deck. Fully Licensed Bar. Professional Photographer. Heated Indoor Decks. Live DJ Lineup.",From CA$51.72,"1601 Bayshore, VANCOUVER, BC V6G 2V4, CA",https://www.eventbrite.com/e/la-ultima-noche-latin-nye-boat-party-vancouver-2026-tickets-1849697578249?aff=ebdssbdestsearch,Vancouver Latin Boat Parties,2025-10-22 10:50:27.773816
"Freq Nasty (L.A.) w/ D3VIANT, Jurgen Daze, MyLove",2025-11-14,2025-11-14,21:00:00,02:00:00,Friday,live music,,Freq Nasty pushes a bass heavy breakbeat influenced sound. He'll come stocked with fistfuls of dubs and new releases. Don't sleep!,$20 Early Bird $30 Advance More at the door,"625 Johnson, VICTORIA, BC V8W 1M5, CA",https://www.eventbrite.ca/e/freq-nasty-la-w-d3viant-jurgen-daze-mylove-tickets-1849689233289?aff=ebdssbdestsearch,The Downbeat,2025-10-22 10:50:12.368502
Sounds of the City: Live Music Showcase,2025-11-06,2025-11-06,17:30:00,20:00:00,Thursday,live music,,"A live music series celebrating Vancouver‚Äôs diverse musical talent, featuring Robyn Froese and Etchos.",Free,"222 5th, VANCOUVER, BC V5Y 1J4, CA",https://www.eventbrite.ca/e/sounds-of-the-city-live-music-showcase-tickets-1829444280089?aff=ebdssbdestsearch,Shades of YVR,2025-10-22 10:49:30.736281
THE BEATLES CHRITMAS DANCE! - With The Sutcliffes,2025-12-20,2025-12-20,19:00:00,23:00:00,Saturday,live music,rock,"The Beatles & the Sutcliffes bring holiday cheer to the dance floor with festive vibes, classic tunes, and a rockin‚Äô roll Christmas spirit!",CA$39.99,"1221 Pearce, VICTORIA, BC V8X 3S8, CA",https://www.eventbrite.ca/e/the-beatles-chritmas-dance-with-the-sutcliffes-tickets-1513827361389?aff=ebdssbdestsearch,Cascadia Concerts,2025-10-22 10:49:19.459337
Halloween Bash: Music Festival at Mount Doug,2025-10-25,2025-10-25,16:00:00,20:00:00,Saturday,live music,swing,"Get ready for the ultimate Halloween Bash at Mount Doug with a music festival featuring incredible bands, spooky vibes! Highlights 4 hours all ages In person Free parking. This Halloween, we‚Äôre throwing a spectacularly spooky community celebration under the stars at Mount Doug‚Äîand you‚Äôre invited! Gather your crew for a frightfully fun evening of live music, dancing, and Halloween magic.",$10,"225 65b, DELTA, BC V4L 1M9, CA",https://www.eventbrite.com.br/e/halloween-bash-music-festival-at-mount-doug-tickets-1721014493679?aff=ebdssbdestsearch,Eventbrite,2025-10-22 10:48:47.836945
SINNERGY UNLEASHED,2025-11-15,2025-11-15,18:00:00,22:00:00,Saturday,live music,"burlesque, cabaret","Join us for an evening of sexy, sinful indulgences to gorge yourself on, including burlesque and cabaret! Doors at 6:00 PM. Highlights: 4 hours, ages 19+, in person, free parking. No refunds.",From CA$17.31,"3301 Douglas, VICTORIA, BC V8Z 3L2, CA",https://www.eventbrite.ca/e/sinnergy-unleashed-tickets-1758956449089?aff=ebdssbdestsearch,SINnergy Productions,2025-10-22 10:48:07.296040
Halloween Dance Fundraiser,2025-10-25,2025-10-25,20:00:00,,Saturday,social dance,salsa,"Get ready to dance the night away at our Halloween Dance Fundraiser - costumes, music, and spooky fun all for a good cause! With live music from The Peachy Sundays, this is an event you won't want to miss!",$33.28,"309 South Shore, LAKE COWICHAN, BC V0R 2G0, CA",https://www.eventbrite.com/e/halloween-dance-fundraiser-tickets-1709047941399?aff=ebdssbdestsearch,Kinette Club of Lake Cowichan,2025-10-22 10:47:56.113494
Drip with JoJo: A Sweat & Social Pop-Up Event,2025-11-14,2025-11-14,17:00:00,20:00:00,Friday,class,"barre, cardio","Candlelit barre, dance & cardio bursts with JoJo. Plus mocktails, swag & vendors‚Äîyour ultimate Friday night endorphin fix.",CA$102.04,"The Found Studio, 3561 Blanshard, Victoria, BC, CA",https://www.eventbrite.ca/e/drip-with-jojo-a-sweat-social-pop-up-event-tickets-1770847986999?aff=ebdssbdestsearch,Sweat & Social,2025-10-22 10:47:43.877660
Lust Lounge,2025-10-30,2025-10-30,19:00:00,22:30:00,Thursday,live music,"burlesque, pole dancing, drag","Unleash your queer desires with burlesque, pole dancing, drag, cocktails & dinner at Friends of Dorothy's monthly Lust Lounge!",$11.98,"537 Johnson, VICTORIA, BC V8W 1M2, CA",https://www.eventbrite.ca/e/lust-lounge-tickets-1772531883579?aff=ebdssbdestsearch,Sylvester Stalletto,2025-10-22 10:47:34.405003
Line Dancing at the Red Barn,2025-11-08,2025-11-08,18:00:00,21:00:00,Saturday,social dance,line dancing,"After a day of fresh produce and local delights at our final Farmers Market of the 2025 season, keep the energy going with an evening of line dancing at the Red Barn! Dust off your cowboy boots, grab your friends, and head on over for a night filled with fun, music, and dancing. Whether you're a seasoned pro or a complete beginner, our friendly instructors will get you moving in no time. Bring your appetite, or work one up on the dance floor, because Yo Bones BBQ truck will be there too! Cash or card accepted at the bar serving select wines, beers and cocktails. Don‚Äôt miss out on this lively community event ‚Äì it's the perfect way to end your market day!",CA$11.98,"2820 Beach, VICTORIA, BC V8R 6K7, CA",https://www.eventbrite.com/e/line-dancing-at-the-red-barn-tickets-1739852017219?aff=ebdssbdestsearch,Southlands Grange Centre for Farming and Food,2025-10-22 10:47:19.507762
Haunted Hollywood - Halloween Show and Party,2025-10-25,2025-10-25,18:00:00,23:59:00,Saturday,other,"heels, hip hop, jazz, drag, burlesque, funk","Part jaw-dropping dance show, part epic Halloween bash, this night fuses the glam of Tinseltown with the chaos of cult horror. Highlights include DJs spinning all night long, iconic photo ops, a costume contest, and a Peep show featuring various dance styles.",$46.13,"9588 Sullivan, BURNABY, BC V3J 1H7, CA",https://www.eventbrite.ca/e/haunted-hollywood-halloween-show-and-party-victoria-tickets-1636556347089?aff=ebdssbdestsearch,Passion and Performance,2025-10-22 10:46:39.485490
"Studio 53 ft: Devlinside, Wookie, Logik, Ya Russ!",2025-11-07,2025-11-07,21:00:00,02:00:00,Friday,live music,,"Sequins and satin meet dirty TechHouse grooves too good to be legal. Dress like you‚Äôre ready for trouble‚Äîglitter, glam, or whatever makes you feel a little dangerous. The dance floor‚Äôs calling, the mirror ball‚Äôs spinning, and the vibe? Just a bit too good to be legal.",$11.98,"625 Johnson, VICTORIA, BC V8W 1M5, CA",https://www.eventbrite.ca/e/studio-53-ft-devlinside-wookie-logik-ya-russ-tickets-1830389406989?aff=ebdssbdestsearch,The Downbeat,2025-10-22 10:46:11.775988
SEMI PRIVATE SWING DANCE MINI SERIES,2025-11-28,2025-12-19,18:00:00,19:00:00,Friday,class,"lindy hop, charleston, jazz","Mini series of 4 weekly classes right before Christmas! Led by expert instructor Kat Single-Dain, covering charleston, lindy hop, and vernacular jazz. Perfect for beginners and those who have taken beginner series before.",$70.74,"2050 Scotia, VANCOUVER, BC V5T 4T1, CA",https://www.eventbrite.ca/e/semi-private-swing-dance-mini-series-fridays-starting-nov-28th-4-classes-tickets-1766532960639?aff=ebdssbdestsearch,The Dusty Flowerpot Cabaret,2025-10-22 10:46:01.508584
LUSH: Queer + Kinky Club Night!,2025-11-21,2025-11-22,21:00:00,02:00:00,Friday,social dance,,"Queer and Kinky positive dance event with the theme 'Venom & Velvet'. Tickets available at https://2025LUSH.eventbrite.ca. Refunds up to 7 days before event. Includes licensed security, bar, coat check and shibari suspensions. Recommended to secure tickets in advance. Event is about fun, freedom, and respect. Kink/Fetish outfits recommended. If the event is cancelled or postponed, refunds will be offered within 7 days.",CA$33.28,"625 Johnson, VICTORIA, BC V8W 1M5, CA",https://www.eventbrite.ca/e/lush-queer-kinky-club-night-tickets-1825692949759?aff=ebdssbdestsearch,open:ended,2025-10-22 10:45:48.639406
OLD SKOOL NIGHT,2025-11-22,2025-11-22,17:00:00,23:30:00,Saturday,social dance,social dance,"A night to remember with old school Afro & RnB vibes, dance competitions, music battles, fun games, raffle draws, and giveaways. Dress in your best retro outfit and join us for a night of music, food, games, and pure old school magic.",$22.73,"20285 Dewdney Trunk, MAPLE RIDGE, BC V2X 3C9, CA",https://www.eventbrite.com/e/old-skool-night-tickets-1759188994639?aff=ebdssbdestsearch,Paparazzi Entertainment,2025-10-22 10:44:51.583035
Vancouver Community Kirtan and Potluck,2025-11-15,2025-11-15,19:00:00,,Saturday,other,kirtan,"Sing, dance, meditate to the harmonious vibes of a multi-faith kirtan tribe. Community potluck follows. Find your peace, joy & inner light!",$0.00,"1523 Victoria Dr, CA",https://www.eventbrite.ca/e/vancouver-community-kirtan-and-potluck-tickets-1730720554769?aff=ebdssbdestsearch,Eventbrite,2025-10-22 10:44:36.108470
Monsters & Ghouls Kiki Ball,2025-11-01,2025-11-01,17:00:00,,Saturday,social dance,vogue,"The Vancouver Kiki Ballroom Alliance presents The Monsters & Ghouls Kiki Ball | OTY Ball. Calling all monsters and creatures of the night!! Bring the scares and the looks to celebrate Halloween with a Kiki Ball. From classical gothic films to modern classics, get ready for a night of terrifying and cunty looks. Doors at 5:00 pm >> LSS at 6:00 pm. Walkers: $5, Spectators: $20, Tables: $125. DJ: Kachonda Jeremy Scott, MCs: Gago Siriano & Pegasus Pinklady.","$5 for Walkers, $20 for Spectators, $125 for Tables","The Dance Centre, 677 Davie, Vancouver, BC, CA",https://www.eventbrite.ca/e/monsters-ghouls-kiki-ball-tickets-1708585819179?aff=ebdssbdestsearch,Van Vogue Jam Arts Society,2025-10-22 10:44:26.157770
WRB Presents the Buz Whiteley Big Band,2025-11-08,2025-11-08,19:00:00,21:00:00,Saturday,live music,swing,Join us for a night of swinging jazz with the Buz Whiteley Big Band! Experience the energy of a live big band performance as the talented musicians of the Buz Whiteley Big Band bring you a night of toe-tapping music. Get ready to dance the night away and immerse yourself in the big band sounds that will take you back to the golden era of jazz.,$25.34,"19168 Jensen, Poulsbo, WA 98370, CA",https://www.eventbrite.co.uk/e/wrb-presents-the-buz-whiteley-big-band-tickets-1761419476069?aff=ebdssbdestsearch,Western Red Brewing,2025-10-22 10:43:05.253494
POKONDIRENA TIKVA,2025-11-14,2025-11-14,19:30:00,21:00:00,Friday,other,,"Amatersko pozoriste Agape vas vodi u svet komedije ‚Äì Pokondirena tikva, satira o snobizmu, ta≈°tini i sme≈°noj ≈æelji da budemo ono ≈°to nismo.",CA$15 ‚Äì CA$30,"7837 Canada WAY, BURNABY, BC V3N3K8, CA",https://www.eventbrite.ca/e/pokondirena-tikva-tickets-1778052736599?aff=ebdssbdestsearch,Acting Corner Studio,2025-10-22 10:42:51.296370
LIBERATE: A Womens Only Somatic Dance Event,2025-11-04,2025-11-04,19:00:00,22:00:00,Tuesday,class,somatic,"A moving healing journey through somatic dance, movement, connecting with other women and feeling liberated.",$20 Budget Friendly $30 Comfortable & Supported $40 Generous & Abundant,"713 Hastings ST, VANCOUVER, BC V6A1R3, CA",https://www.eventbrite.ca/e/liberate-a-womens-only-somatic-dance-event-in-vancouver-tickets-1783450992929?aff=ebdssbdestsearch,The LIT Woman,2025-10-22 10:42:37.424284
90s vs 00s Night,2025-11-15,2025-11-16,22:30:00,02:00:00,Saturday,social dance,,"The Fox Cabaret is excited to present another throwback battle of the decades! TLC or The Black Eyed Peas? Ginuwine or 50 Cent? Madonna or Gaga? House of Pain or Outkast? Whether you're into Electric Circus or TRL we've got all the hits, gems, and anthems of the funnest decades. Which decade will reign supreme? Come dance the night away + decide for your self! Featuring Common People DJs (Ultimate 90s Nite/ Guilty Pleasures/Absolute 80s/ 80s vs 90s Night)!",$13 Online / $18 Door,"2235 Commercial, VANCOUVER, BC V5N 4B6, CA",https://www.eventbrite.com/e/90s-vs-00s-night-tickets-1824134709019?aff=ebdssbdestsearch,The Fox Cabaret,2025-10-22 10:41:38.962223
Nelda Swiggett Quintet - 'For the Birds',2025-11-15,2025-11-15,19:00:00,20:30:00,Saturday,live music,,"Live music, images and poetry invite reflection on our changing climate. Come at 6pm to learn about local clean energy opportunities.",$10 - $20 / Students $5,"2249 McCoy, VICTORIA, BC V8N 5Z3, CA",https://www.eventbrite.com/e/nelda-swiggett-quintet-for-the-birds-tickets-1633055806879?aff=ebdssbdestsearch,Local 20/20,2025-10-22 10:41:15.456880
Wes Please @ LevelTwo presented by Beat Freqs,2025-12-05,2025-12-05,21:30:00,,Friday,live music,electronic,"The summer may be over, but we‚Äôre bringing the festival vibes back to Nanaimo this December with the one and only Wes Please! Supported by legendary light and visual artists Wax Candy, this party is going to be a vibe that you won‚Äôt want to miss!",From CA$14.11,"170 Skinner, NANAIMO, BC V9R 7A6, CA",https://www.eventbrite.com/e/wes-please-leveltwo-presented-by-beat-freqs-tickets-1735882574509?aff=ebdssbdestsearch,Beat Freqs,2025-10-22 10:41:04.322167
Halloween At The Fox! Slice Up Your Life: The Ultimate Throwback Throwdown,2025-10-31,2025-11-01,22:30:00,03:00:00,Friday,social dance,swing,"Our annual two floor Halloween blow out dance party featuring the city‚Äôs best DJs, boo-tylicious thrills, costume contests, and more!",$20 Early Bird / $30 G/A & at the Door,"2235 Commercial, VANCOUVER, BC V5N 4B6, CA",https://www.eventbrite.com/e/halloween-at-the-fox-slice-up-your-life-the-ultimate-throwback-throwdown-tickets-1741001174379?aff=ebdssbdestsearch,The Fox Cabaret,2025-10-22 10:40:46.038653
80s vs 90s Night,2025-11-08,2025-11-09,22:30:00,02:00:00,Saturday,other,,The Fox Cabaret presents a throwback dance party featuring the greatest songs of the 80s and the 90s ‚Äî together in one night!,$13 Online / $18 Door,"2235 Commercial, VANCOUVER, BC V5N 4B6, CA",https://www.eventbrite.com/e/80s-vs-90s-night-tickets-1824139583599?aff=ebdssbdestsearch,The Fox Cabaret,2025-10-22 10:40:31.408577
Midnight Magic ‚Ä¢ New Year‚Äôs Eve with Rock of Ages,2025-12-31,2025-12-31,18:30:00,00:01:00,Wednesday,live music,swing,"Ring in 2026 with dinner, dancing, Rock of Ages live, DJ sets, photo booth & buffet. Adults-only NYE bash you won‚Äôt forget!",CA$121.05,"829 McCallum, LANGFORD, BC V9B 6W6, CA",https://www.eventbrite.ca/e/midnight-magic-new-years-eve-with-rock-of-ages-tickets-1754670971109?aff=ebdssbdestsearch,Four Points by Sheraton Victoria Gateway,2025-10-22 10:40:20.760713
The Fabulous B-Sides,2025-11-15,2025-11-15,20:00:00,22:30:00,Saturday,live music,,"An exciting six piece show band that are highly energetic and unique! Featuring a fabulous variety of Soul, Funk, Pop and Classic Rock!",CA$23.76,"1534 Charlotte, CROFTON, BC V0R 1R0, CA",https://www.eventbrite.ca/e/the-fabulous-b-sides-tickets-1809023721649?aff=ebdssbdestsearch,Berry Music Company Ltd.,2025-10-22 10:39:40.945938
HIGHLIGHTERS!,2025-11-07,2025-11-07,22:00:00,23:59:00,Friday,other,,"A 1980s Drag show with pop culture highlights of the day! DRESSED AS ACTUAL HIGHLIGHTER PENS, Burna Dart and Glimmer host a colorful show!!",CA$17.31,"The Pier Restaurant, 713 Simundson, Point Roberts, WA 98281, US",https://www.eventbrite.ca/e/highlighters-tickets-1670809850239?aff=ebdssbdestsearch,Glitter Trash Productions,2025-10-22 10:39:24.438372
CAPITALWAVE SHOWCASE 3,2025-11-28,2025-11-29,22:00:00,02:00:00,Friday,live music,"urban kiz, hip-hop","An evening of raw emerging talents and sounds ranging from all corners of the urban genre! Experience Live Hip-Hop, Trap, Afrobeats, RnB & Latin.",CA$17.40,"517 Yates, VICTORIA, BC V8W 1K7, CA",https://www.eventbrite.com/e/capitalwave-showcase-3-tickets-1778188442499?aff=ebdssbdestsearch,Capital Wave Ent,2025-10-22 10:39:11.267020
Endless Waves ~ weekly 5Rhythms,2025-10-21,2025-10-21,18:45:00,20:45:00,Tuesday,class,,5Rhythms classes with Shauna Devlin. Register for all 4 October classes: $84. NEW ~ dancers under 30 years old: 2 for $25 (bring a friend for free).,$23,"90 Dock, VICTORIA, BC V8V 2A1, CA",https://www.eventbrite.ca/e/endless-waves-weekly-5rhythms-in-victoria-bc-october-2025-tickets-1749256345819?aff=ebdssbdestsearch,Joanne Winstanley,2025-10-22 10:38:45.099907
Endless Waves ~ weekly 5Rhythms,2025-10-28,2025-10-28,18:45:00,20:45:00,Tuesday,class,,5Rhythms classes with Chantell Foss. Register for all 4 October classes: $84. NEW ~ dancers under 30 years old: 2 for $25 (bring a friend for free).,$23,"90 Dock, VICTORIA, BC V8V 2A1, CA",https://www.eventbrite.ca/e/endless-waves-weekly-5rhythms-in-victoria-bc-october-2025-tickets-1749256345819?aff=ebdssbdestsearch,Joanne Winstanley,2025-10-22 10:38:45.099907
IGNITE! A Dance Victoria Launch Party,2025-10-25,2025-10-25,19:00:00,22:00:00,Saturday,social dance,ballet,"Join us for the 4th annual IGNITE! A Dance Victoria Launch Party, where we'll celebrate our 29th season of the World‚Äôs Best Dance. This year, we're amping up the festivities at a new location: KWENCH, the historic Pembroke Barn Building in the heart of Victoria‚Äôs arts and design district on Store Street. This 'co-working and culture club' is airy, welcoming, and gorgeous! At IGNITE!, you‚Äôll enjoy: An intimate duet performance by Ballet Edmonton (last seen in our 2023 co-presentation with Victoria Symphony) Tastings and cocktails curated by Phillips Brewing featuring their small batch distilled spirits Delicious savoury bites, plus sweet creations provided by Chocolat & Co. DJ LoFi, dancing, and the company of fellow arts-lovers Access to wide-ranging auction prizes in support of Dance Victoria Don't wait‚Äîwe expect this party to sell out fast! All proceeds from IGNITE! and our coinciding online auction (live Oct. 9) support Dance Victoria's artist programs and community engagement activities. The party hits capacity at 180 guests so get your tickets now!",CA$53.52,"3223 Fraser, VANCOUVER, BC V5V 4B8, CA",https://www.eventbrite.ca/e/ignite-a-dance-victoria-launch-party-tickets-1628773889549?aff=ebdssbdestsearch,Dance Victoria Society,2025-10-22 10:37:26.615464
"Dance Of The Dead ft: Andrew Allsgood, Khan, Splan, Therapy",2025-11-01,2025-11-01,21:00:00,02:00:00,Saturday,live music,,Honour the memories of loved ones who‚Äôve come before us in a celebration of LIFE this November 1st. Dia de los Muertos.,$11.98,"625 Johnson, VICTORIA, BC V8W 1M5, CA",https://www.eventbrite.ca/e/dance-of-the-dead-ft-andrew-allsgood-khan-splan-therapy-tickets-1732625903719?aff=ebdssbdestsearch,The Downbeat,2025-10-22 10:37:09.701697
Halloween 'Costume Dance Party' with prizes!,2025-10-31,2025-10-31,19:00:00,22:00:00,Friday,live music,,"Live music by Take Cover Band, featuring rock and roll dance tunes. Tickets are $10 at the door. Free parking available.",$10,"9831 4th, SIDNEY, BC V8L 2Z2, CA",https://www.eventbrite.com/e/halloween-costume-dance-party-with-prizes-10-at-the-door-tickets-1783243733009?aff=ebdssbdestsearch,Take Cover Band,2025-10-22 10:36:59.917686
Dance of Light - Chakra Dancing & Meditation Class with Maria,2025-12-06,2025-12-06,11:00:00,12:30:00,Saturday,class,yoga,Join Maria for a fun and enlightening Chakra Dancing & Creative Meditation Class - let's dance our way to balance and inner peace!,$20 ‚Äì $25,"1720 McTavish, NORTH SAANICH, BC V8L5T9, CA",https://www.eventbrite.ca/e/dance-of-light-chakra-dancing-meditation-class-with-maria-tickets-1762711661029?aff=ebdssbdestsearch,"Storytelling Coach & Author, Maria Koropecky",2025-10-22 10:36:48.492282
Queer All Hallows Dance Party,2025-11-01,2025-11-01,19:00:00,23:00:00,Saturday,social dance,,"Put on your costumes and join us for a macabre night of drag and dance. Local drag stars Billie Boy Toy-Ton and Sheila V Toff start off the night followed by Vancouver groovers, DJ Krista Mac and DJ Bella Sie, with some good vibes on the dance floor. Celebrate this All Hallows with DJS, drag performers, a low-stim room, a big dance hall, a costume contest and some yummy treats (or tricks?). Let's get ready for winter with all our girls, gays and theys (really - just EVERYBODY) - this dance floor does not discriminate! It'll be an evening of music, performance, laughter and connection Sponsored by Kroffat Brake & Wheel.",CA$25,"2391 First, DUNCAN, BC V9L 6M5, CA",https://www.eventbrite.ca/e/queer-all-hallows-dance-party-tickets-1751743504979?aff=ebdssbdestsearch,REVOLVE Cowichan & Cowichan Pride,2025-10-22 10:36:36.632071
Monsters and Villains Student Showcase,2025-11-01,2025-11-01,19:00:00,20:30:00,Saturday,social dance,showcase,Join Canned Heat students as they delve into the world of monsters and villains. A spooky and sexy dance show to celebrate Halloween!,CA$22.63,"310 Henry, VICTORIA, BC V9A 3J2, CA",https://www.eventbrite.com/e/monsters-and-villains-student-showcase-canned-heat-dance-company-tickets-1758122123599?aff=ebdssbdestsearch,Canned Heat Dance Company,2025-10-22 10:36:22.459517
SDSS Grade 8 & 9 Halloween Dance 2025,2025-10-29,2025-10-29,19:00:00,21:30:00,Wednesday,social dance,social dance,"A spooktacular night of dancing, costumes and fun at the SDSS Grade 8 & 9 Halloween Dance! DJ Barron will be in the house! Get ready to show off your best costumes & dance to thrilling tunes. This in-person event is exclusively for Grade 8 & 9 students ONLY.",$0 ‚Äì $11.98,"South Delta Secondary School - Cafeteria, 750 53 Street, Delta, BC V4M 3B7, CA",https://www.eventbrite.ca/e/sdss-grade-8-9-halloween-dance-2025-tickets-1824232060199?aff=ebdssbdestsearch,SDSS PAC EXEC,2025-10-22 10:36:05.600054
"VAGUS VACATION Full Moon Yoga, Circle, Ecstatic Dance& Acu-Soundbath",2025-11-05,2025-11-05,18:00:00,21:30:00,Wednesday,other,ecstatic dance,"Pause, open, release, & receive. Join this deep dive into self care and nervous system rebalancing on the potent Full SuperMoon in Taurus. Date and time Wed, Nov 5, 2025 6:00 PM - 9:30 PM PST Location THE SANCTUARY, Church of Truth ‚Äì Community of Conscious Living 111 Superior Street Surrounding Area Victoria, BC V8V 1T2",$44 Early Bird before Oct. 29; $55 Regular Advance Tickets; $66 after 4pm on event day & at the Door. There are 3 'pay what you can' spots reserved for those who need them.,"Church of Truth, 111 Superior, Victoria, BC, CA",https://www.eventbrite.ca/e/vagus-vacation-full-moon-yoga-circle-ecstatic-dance-acu-soundbath-tickets-1832259620849?aff=ebdssbdestsearch,SILENT DJ VICTORIA,2025-10-22 10:35:53.331346
Dance Incubator Sharing | Peek Fest 2025,2025-11-13,2025-11-13,19:30:00,20:30:00,Thursday,workshop,contemporary,"An evening for the contemporary dance community to come together. Features work-in-development sharings from the 2025 Dance Incubator artists: Veronique Emmett & Dyana Sonik-Henderson, a brief Q+A, and an informal gathering to connect over tea and other non-alcoholic beverages.",From $6.73,"1609 Blanshard, VICTORIA, BC V8W2J5, CA",https://www.eventbrite.ca/e/dance-incubator-sharing-peek-fest-2025-tickets-1825942726849?aff=ebdssbdestsearch,Impulse Theatre,2025-10-22 10:35:39.193093
New Year's Eve Dinner & Dance with The Sutcliffes,2025-12-31,2025-12-31,19:30:00,00:30:00,Wednesday,live music,soulshakers,"Join us for a fun night of delicious food, dancing, and live music by The Sutcliffes at our popular New Year's Eve Dinner & Dance! Doors open at 6:00 PM, dinner at 7:30 PM, and dancing from 9:00 PM to 12:30 AM. Enjoy a fantastic dinner with friends and family and ring in the New Year together in style!",From $113.22,"Oak Bay Recreation - Personal Training/Active Rehab, 1975 Bee, Victoria, BC, CA",https://www.eventbrite.ca/e/new-years-eve-dinner-dance-with-the-sutcliffes-tickets-1774827289199?aff=ebdssbdestsearch,Beacon Ridge Productions,2025-10-22 10:35:26.635490
Back Underground,2025-10-25,2025-10-25,21:00:00,02:00:00,Saturday,live music,"house, techno","Featuring Overland (naff recordings), R|V^H & Dodd. Ages 19+, in person event. No refunds.","$15 - EARLY BIRD, $20 - ADVANCE, $25 AT THE DOOR","625 Johnson, VICTORIA, BC V8W 1M5, CA",https://www.eventbrite.ca/e/back-underground-ft-overland-rvh-dodd-tickets-1716727661649?aff=ebdssbdestsearch,The Downbeat,2025-10-22 10:34:51.429041
Chest Fever: The Last Waltz - A Live Tribute To The Band's Farewell Concert,2025-11-15,2025-11-15,19:00:00,,Saturday,live music,,Join Chest Fever & friends for a tribute and celebration of The Band's 1976 iconic concert event - The Last Waltz.,$43.52,"254 Hastings, VANCOUVER, BC V6A 1P1, CA",https://www.eventbrite.ca/e/chest-fever-the-last-waltz-a-live-tribute-to-the-bands-farewell-concert-tickets-1489975218989?aff=ebdssbdestsearch,Rickshaw Theatre,2025-10-22 10:34:37.213719
Cacao & Dance Journey,2025-10-25,2025-10-25,13:00:00,15:00:00,Saturday,workshop,intuitive dance,"Join us for a transformative journey of cacao, intuitive dance and community connection!",$15-30 or Pay What You Can,"Solwood Studio, 1303 Broad, Victoria, British Columbia, CA",https://www.eventbrite.ca/e/cacao-dance-journey-tickets-1798555490889?aff=ebdssbdestsearch,Eventbrite,2025-10-22 10:34:01.699192
CASINO after dark : Halloween Party & Play,2025-11-01,2025-11-01,21:00:00,02:00:00,Saturday,live music,DJ/Dance,"A Halloween bash filled with spooky surprises and thrilling games. DJs, live performers, and casino vibes come together for one of the must-attend Halloween parties of 2025. Costume contest and unlimited buffet dinner included.","$30 (Student Pre-Sale), $40 (General Admission Pre-sale), $50 (At the Door)","3033 King George, SURREY, BC V4P 1B8, CA",https://www.eventbrite.ca/e/casino-after-dark-halloween-party-play-tickets-1677756507879?aff=ebdssbdestsearch,Ardani Events,2025-10-22 10:33:44.472896
Nightmare Before Christmas Open House,2025-10-24,2025-10-24,19:00:00,21:30:00,Friday,social dance,ballroom,"Join us for a spooktacular night full of dancing & hauntingly good tunes. You‚Äôll have a frightfully fun time dancing the night away! Step into Halloween Town for a night where Jack Skellington meets the Jitterbug! Join us for a spooktacular evening inspired by The Nightmare Before Christmas, where ghouls, ghosts, and graceful dancers come out to play. So grab your dancing shoes (and maybe your favorite skeleton bow tie) and join us for a night of thrills, chills, and cha-chas. Because when it comes to Halloween, ‚ÄúWhat‚Äôs This?‚Äù ‚Äîit‚Äôs the best dance party of the year! üëª‚ú®",Free,"Arthur Murray Dance Studio Everett, 5307 Evergreen Way, Everett, WA 98203, US",https://www.eventbrite.com/e/nightmare-before-christmas-open-house-tickets-1835818104369?aff=ebdssbdestsearch,Arthur Murray Everett,2025-10-22 10:33:09.294691
Saturday Night Party Pass! Cover + 3 Drinks Included!,2025-10-25,2025-10-25,,,Saturday,social dance,"hip hop, top 40, dance","The CABANA PARTY PASS Includes Cover, Priority Entry, 3 Drinks & is Valid All Night. A $50 Value for just $15! Supply is Limited so grab your party pass now to guarantee an amazing night out! Cabana is know for featuring Vancouver's best DJs who play a mix of Hip Hop, Top 40 & Dance Hits.",$15,"1062 Granville, VANCOUVER, BC V6Z 1L5, CA",https://www.eventbrite.ca/e/saturday-night-party-pass-cover-3-drinks-included-tickets-1131380753289?aff=ebdssbdestsearch,Cabana Nightclub,2025-10-22 10:32:25.554085
"Halloween Dance! Dancing, Costumes & Good Times",2025-10-31,2025-10-31,19:00:00,23:00:00,Friday,live music,,"Halloween Dance at White Eagle Hall with Club Voltaire, Whiskey River, and Elise LeBlanc. Costumes are encouraged! Prize for best costume and full bar service.",CA$38.74,"90 Dock, VICTORIA, BC V8V 2A1, CA",https://www.eventbrite.ca/e/halloween-dance-dancing-costumes-good-times-tickets-1712156529269?aff=ebdssbdestsearch,Captn. Tripps,2025-10-22 10:31:34.487280
Haunted Farm Halloween Party ‚Äì Ghost of the Wild West,2025-10-30,2025-10-30,17:00:00,22:00:00,Thursday,live music,,"Spooky family fun, haunted attractions, live DJ, crafts, and food trucks at Kassa Farm, Richmond BC.",$15.75,"12320 No. 2 RD, RICHMOND, BC V7E2G1, CA",https://www.eventbrite.ca/e/halloween-party-and-festival-at-kassa-farm-tickets-1722927375159?aff=ebdssbdestsearch,Kassa Farm,2025-10-22 10:31:23.588956
Haunted Farm Halloween Party ‚Äì Ghost of the Wild West,2025-10-31,2025-10-31,17:00:00,22:00:00,Friday,live music,,"Spooky family fun, haunted attractions, live DJ, crafts, and food trucks at Kassa Farm, Richmond BC.",$15.75,"12320 No. 2 RD, RICHMOND, BC V7E2G1, CA",https://www.eventbrite.ca/e/halloween-party-and-festival-at-kassa-farm-tickets-1722927375159?aff=ebdssbdestsearch,Kassa Farm,2025-10-22 10:31:23.588956
Haunted Farm Halloween Party ‚Äì Ghost of the Wild West,2025-11-01,2025-11-01,12:00:00,18:00:00,Saturday,live music,,"Spooky family fun, haunted attractions, live DJ, crafts, and food trucks at Kassa Farm, Richmond BC.",$15.75,"12320 No. 2 RD, RICHMOND, BC V7E2G1, CA",https://www.eventbrite.ca/e/halloween-party-and-festival-at-kassa-farm-tickets-1722927375159?aff=ebdssbdestsearch,Kassa Farm,2025-10-22 10:31:23.588956
Garland of Unusual RƒÅgas with Arijit Mahalanabis,2025-11-08,2025-11-08,19:00:00,21:30:00,Saturday,live music,indian classical,"Scholar-vocalist Arijit Mahalanabis presents a specially curated Dhrupad recital featuring lesser-known rƒÅgas, each revealing distinctive pathways of melody and emotion. Drawing from multiple traditions of Dhrupad, Khayal, and Thumri, Mahalanabis combines scholarly depth with expressive modulation, a diverse repertoire, and thoughtful improvisation. He is joined by Tejas Tope on pakhavaj, with supporting vocals from his disciples Kishan Patel and Akhil Jobanputra. This concert is part of our Baithak Series, a thematic initiative that explores esoteric aspects of Indian classical music in an engaging and accessible way. Baithaks - traditional chamber concerts - create an intimate connection between artist and audience through smaller venues with floor and chair seating. Each Baithak Series event concludes with a brief artist Q&A, offering listeners the chance to reflect on and deepen their understanding of the evening‚Äôs theme. This program is presented by the Indian Classical Music Society of Vancouver (ICMSV), with generous funding from the Vancouver Foundation's LEVEL BIPOC Grant.",CA$27.96,"Vancouver Unitarians, 949 West 49th, Vancouver, BC V5Z 2T1, CA",https://www.eventbrite.ca/e/garland-of-unusual-ragas-with-arijit-mahalanabis-tickets-1782091286009?aff=ebdssbdestsearch,Indian Classical Music Society of Vancouver,2025-10-22 10:31:04.124144
Barnstormer! Gatsby Glitz 'n Swingin' Hits,2025-11-15,2025-11-15,19:00:00,22:30:00,Saturday,live music,"lindy hop, charleston, balboa, swing","Step back in time and dance the night away to the swinging hits at Barnstormer! Gatsby Glitz 'n Swingin' Hits. Live music, dance instruction, and a historic venue bring the era to life.",CA$24.86,"Fox Cabaret, 2321 Main, Vancouver, BC V5T, CA",https://www.eventbrite.ca/e/barnstormer-gatsby-glitz-n-swingin-hits-live-at-the-odd-fellows-hall-tickets-1564279936399?aff=ebdssbdestsearch,Melanie Dekker,2025-10-22 10:30:22.588367
"North Vancouver Salsa, Bachata, Kizomba Intimate & Cozy Latin Night",2025-10-23,2025-10-23,18:30:00,21:30:00,Thursday,social dance,"salsa, bachata, kizomba","Intimate and cozy Latin night filled with music, dance, and connection in North Vancouver! Salsa, Bachata & Kizomba all night long! Singles, couples, and groups are welcome!",$13.80,"1312 Lonsdale, NORTH VANCOUVER, BC V7M 2H8, CA",https://www.eventbrite.ca/e/north-vancouver-salsa-bachata-kizomba-intimate-cozy-latin-night-tickets-1299532700289?aff=ebdssbdestsearch,Persisca,2025-10-22 10:29:49.016832
Latino By Request: Halloween Edition 2.0,2025-11-01,2025-11-01,21:30:00,03:00:00,Saturday,social dance,"salsa, merengue, bachata, reggaeton, vallenato, tropical","Two rooms. Two vibes. One unforgettable Latin night. Get ready for a spooktacular Latin fiesta where YOU choose the beats once you get your ticket! Whether you‚Äôre into Reggaeton, Salsa, Bachata, Merengue, and others we‚Äôve got a dance floor waiting for you! Come dressed to impress in your best Halloween costume; YOU MIGHT WIN A PRIZE.","$20 Early Bird, $25 General Admission, $30 At the Door","New Amsterdam Caf√©, 301 Hastings, Vancouver, BC, CA",https://www.eventbrite.ca/e/latino-by-request-halloween-edition-20-tickets-1811785191279?aff=ebdssbdestsearch,Oe Oe Juanda & EL Fuliman,2025-10-22 10:29:37.550984
Free Salsa and Bachata Dance Lessons!,2025-10-26,2025-10-26,17:00:00,19:00:00,Sunday,class,"salsa, bachata","Ready to get your hips moving, feet stomping, and heart pumping to the rollicking rhythms of la m√∫sica latina? Whether you're a complete newbie or just looking to sharpen your skills, our fun and friendly classes will have you grooving in no time. Our absolute beginners class is absolutely free! Feel the energy, embrace the music, and unleash the dancer within! No partner? No problem‚Äîyou‚Äôll meet new friends while learning new moves.Two left feet? Don‚Äôt worry! We‚Äôll have you grooving with confidence before you know it, and wondering why you didn‚Äôt start sooner.",Free,"28 6th, VANCOUVER, BC V5Y 1K1, CA",https://www.eventbrite.com/e/free-salsa-and-bachata-dance-lessons-tickets-1849683295529?aff=ebdssbdestsearch,Rueda De La Vida Dance Society,2025-10-22 10:29:23.096129
7th Victoria International Kizomba Festival: Bachata & Kizomba,2026-04-02,2026-04-06,21:00:00,,Thursday,festival,"bachata, kizomba","VIKF 7th Edition is offering you: 4 days of workshops, 3 day-time socials, 4 nights of dancing, 30Hours + of workshops, 40+ Performances & Gala. Refunds up to 7 days before event.",From $160.02,"720 Douglas, VICTORIA, BC V8W 3M7, CA",https://www.eventbrite.ca/e/7th-victoria-international-kizomba-festival-bachata-kizomba-tickets-1395057918789?aff=ebdssbdestsearch,IALE - ALCES - DAVID,2025-10-22 10:29:08.531002
CALIENTE THURSDAYS,2025-10-23,2025-10-23,,,Thursday,social dance,"salsa, bachata, merengue","Caliente thursday event where Djs will play the best selection of Salsa, Bachata, Merengue and more.",$0.00,"1180 Howe, VANCOUVER, BC V6Z 1R2, CA",https://www.eventbrite.ca/e/caliente-thursdays-tickets-440090802437?aff=ebdssbdestsearch,Vancouver Latin Fever,2025-10-22 10:28:48.336976
Bachata Sensual Group Class in Richmond,2025-10-26,2025-11-30,18:00:00,20:30:00,Sunday,class,"bachata, sensual","6-Week Schedule. 6 - 7 PM: Beg Lv, 7 - 8 PM: Int Lv, 8 - 8:30 PM: Practice. Drop-ins welcome.","$100 for 1 course, $180 for 2 courses, $25 per drop-in class","11780 River, RICHMOND, BC V6X 1Z7, CA",https://www.eventbrite.ca/e/bachata-sensual-group-class-in-richmond-tickets-1783261325629?aff=ebdssbdestsearch,VANCOUVER LATIN CLUB (VLC),2025-10-22 10:28:30.814526
Caliente Salsa Saturdays,2025-11-08,2025-11-09,20:15:00,00:00:00,Saturday,social dance,"salsa, bachata, merengue, cha cha cha","Join us for a fun night of dancing! No partner or experience required! Doors open at 8:15pm, Beginner Salsa Lesson at 8:30pm, dancing for all levels to Salsa, Bachata, Merengue & Cha Cha Cha from 9:00pm to midnight. Ages 16+ welcome. CASH ONLY AT THE DOOR. Limited capacity. First come first served.",$15.00,"725 Yates, VICTORIA, BC V8W 1L6, CA",https://www.eventbrite.com/e/caliente-salsa-saturdays-tickets-1755198368569?aff=ebdssbdestsearch,Caliente Dance,2025-10-22 10:27:56.258022
Milonga Social Dance,2025-11-14,2025-11-14,19:00:00,22:00:00,Friday,social dance,tango,"Join us for a warm and welcoming evening of Argentine Tango, including a group class and milonga dance party. No partner needed, all levels welcome.",$25,"Briora Ballroom Dance Studio, CA",https://www.eventbrite.com/e/milonga-social-dance-tickets-1831270542489?aff=ebdssbdestsearch,Megan Rund,2025-10-22 10:27:41.064278
Omega String Trio,2025-11-23,2025-11-23,14:30:00,16:30:00,Sunday,live music,,"Arts ‚Ä¢ Orchestra The Omega Trio is made up of three of Canada‚Äôs finest chamber musicians, who first came together as a string trio (violin, viola, cello) through a love of playing together, and a wish to play the little-heard repertoire for this combination, some of it by the most famous composers. Named after a now-defunct garage for repairing French cars in Vancouver (don‚Äôt ask), they have performed in unusual spaces, including dilapidated private homes, luxurious mansions, cathedrals and small churches, as well as in traditional concert venues. Their repertoire comprises music from the 18th century to the present day, including masterworks by Schubert, Beethoven and Schnittke.",CA$25 ‚Äì CA$45,"1156 Fort, VICTORIA, BC V8V 3K8, CA",https://www.eventbrite.ca/e/omega-string-trio-tickets-1374861370369?aff=ebdssbdestsearch,Wentworth Villa,2025-10-22 10:27:23.017848
Payadora Ensemble (Rose Gellert Hall Series),2025-11-01,2025-11-01,19:30:00,,Saturday,live music,tango,"A night of passionate tango music, performed by the internationally acclaimed chamber music ensemble.",Adult $38 / Senior $35 / Student $18 / LCMS Students $10,"1331 Clark, VANCOUVER, BC V5L 3K9, CA",https://www.eventbrite.ca/e/payadora-ensemble-rose-gellert-hall-series-tickets-1553495349409?aff=ebdssbdestsearch,Langley Community Music School,2025-10-22 10:27:06.181081
Emily Carr String Quartet: Letters from the Rainforest,2026-04-24,2026-04-24,17:00:00,18:30:00,Friday,live music,,"In their season finale, Emily Carr String Quartet gives voice to Carr‚Äôs wondrous landscapes with music by Shostakovich, Piazzola and Jan√°ƒçek",CA$12.06,"930 Burdett, VICTORIA, BC V8V 3G8, CA",https://www.eventbrite.ca/e/emily-carr-string-quartet-letters-from-the-rainforest-tickets-1641263636719?aff=ebdssbdestsearch,Christ Church Cathedral,2025-10-22 10:26:49.762181
Guided Pr√°ctica w/ Gabriela Condrea & Special Guest David Huh,2025-10-30,2025-10-30,19:00:00,21:00:00,Thursday,class,tango,"Come get your close & cozy connection tune-up! Up-level your tango! David & Gabriela will be available for pointers, to troubleshoot, to hone in on what will take your embrace and connection to the next level, improve your technique, or to work on moves specific to you to help you find ease, softness (ablandar), structure, flow.","$15 Early Bird (ends Oct 16th - or while spots last!), $20 pre-registered, $25 at-the-door","Phinney Center, 6532 Phinney, Seattle, WA 98103, US",https://www.eventbrite.com/e/guided-practica-w-gabriela-condrea-special-guest-david-huh-tickets-1758561678319?aff=ebdssbdestsearch,Tango is About the Connection‚Ñ¢,2025-10-22 10:26:27.272514
Desde Adentro,2025-11-02,2025-11-02,18:00:00,23:00:00,Sunday,live music,tango,"An Avant-Garde Tango Theatre Performance with live music, dance & emotion. Experience Desde Adentro in Vancouver ‚Äì Nov 2 Date and time Sunday, November 2 ¬∑ 6 - 11pm PST. Doors at 5:45pm Location 154 E 10th Ave 154 East 10th Avenue Vancouver, BC V5T 1Z4",,"154 10th, Vancouver, BC V5T 1Z4, CA",https://www.eventbrite.ca/e/desde-adentro-tickets-1782304012279?aff=ebdssbdestsearch,Desde Adentro Tango,2025-10-22 10:26:03.997535
Social Tango Milonga,2025-11-02,2025-11-02,21:45:00,,Sunday,social dance,tango,The traditional gathering where tango is danced socially.,,"154 10th, Vancouver, BC V5T 1Z4, CA",https://www.eventbrite.ca/e/desde-adentro-tickets-1782304012279?aff=ebdssbdestsearch,Desde Adentro Tango,2025-10-22 10:26:03.997535
